AreaCode,Year,EDemand
1,2007,3118.176504
1,2008,2868.55628
1,2009,3019.63127
1,2010,3151.241837
1,2011,2907.084401
1,2012,3172.216394
10,2007,31318.85895
10,2007,31318.85895
10,2008,30093.63395
10,2008,30093.63395
10,2009,29920.17896
10,2009,29920.17896
10,2010,29702.01141
10,2010,29702.01141
10,2011,30839.4805
10,2011,30839.4805
10,2012,31383.86562
10,2012,31383.86562
100,2007,962.3679931
100,2007,962.3679931
100,2008,1022.995539
100,2008,1022.995539
100,2009,1073.058289
100,2009,1073.058289
100,2010,1135.500266
100,2010,1135.500266
100,2011,1177.329058
100,2011,1177.329058
100,2012,1199.166157
100,2012,1199.166157
101,2007,3589.637739
101,2007,3589.637739
101,2008,3383.824505
101,2008,3383.824505
101,2009,3707.719214
101,2009,3707.719214
101,2010,3870.363764
101,2010,3870.363764
101,2011,4345.284357
101,2011,4345.284357
101,2012,4725.571925
101,2012,4725.571925
102,2007,8223.287663
102,2007,8223.287663
102,2008,8891.791092
102,2008,8891.791092
102,2009,10535.81226
102,2009,10535.81226
102,2010,10470.31198
102,2010,10470.31198
102,2011,10127.55849
102,2011,10127.55849
102,2012,10493.35614
102,2012,10493.35614
103,2007,1309.376293
103,2007,1309.376293
103,2008,950.6614253
103,2008,950.6614253
103,2009,931.653802
103,2009,931.653802
103,2010,1102.586727
103,2010,1102.586727
103,2011,1262.749925
103,2011,1262.749925
103,2012,1268.53393
103,2012,1268.53393
104,2007,44289.59764
104,2008,43041.05101
104,2009,41635.37046
104,2010,39525.58771
104,2011,40295.6298
104,2012,40316.50969
105,2007,15427.81378
105,2007,15427.81378
105,2008,14920.8038
105,2008,14920.8038
105,2009,14552.80949
105,2009,14552.80949
105,2010,14882.94043
105,2010,14882.94043
105,2011,14301.0027
105,2011,14301.0027
105,2012,13932.21605
105,2012,13932.21605
106,2007,17798.98522
106,2008,18035.81746
106,2009,17832.98057
106,2010,17501.87368
106,2011,17893.09171
106,2012,17889.74049
107,2007,1236.244202
107,2007,1236.244202
107,2008,1211.711653
107,2008,1211.711653
107,2009,1224.961166
107,2009,1224.961166
107,2010,1559.354382
107,2010,1559.354382
107,2011,1476.337696
107,2011,1476.337696
107,2012,1479.284437
107,2012,1479.284437
108,2007,4595.309014
108,2007,4595.309014
108,2008,4760.159327
108,2008,4760.159327
108,2009,4985.997216
108,2009,4985.997216
108,2010,5286.141515
108,2010,5286.141515
108,2011,5219.985735
108,2011,5219.985735
108,2012,4889.600475
108,2012,4889.600475
109,2007,6756.904012
109,2007,6756.904012
109,2008,6893.593014
109,2008,6893.593014
109,2009,6778.11776
109,2009,6778.11776
109,2010,5927.082768
109,2010,5927.082768
109,2011,5718.433207
109,2011,5718.433207
109,2012,5862.983229
109,2012,5862.983229
11,2007,21359.96679
11,2008,21917.37483
11,2009,21214.2756
11,2010,21628.78024
11,2011,22341.99097
11,2012,20882.63437
110,2007,7788.966103
110,2007,7788.966103
110,2008,7754.135308
110,2008,7754.135308
110,2009,7780.227867
110,2009,7780.227867
110,2010,7723.940293
110,2010,7723.940293
110,2011,6537.037907
110,2011,6537.037907
110,2012,6557.296752
110,2012,6557.296752
112,2007,4835.515819
112,2007,4835.515819
112,2008,4954.830641
112,2008,4954.830641
112,2009,4688.757232
112,2009,4688.757232
112,2010,4927.180649
112,2010,4927.180649
112,2011,4931.186977
112,2011,4931.186977
112,2012,4205.159413
112,2012,4205.159413
113,2007,2096.141352
113,2007,2096.141352
113,2008,2185.166353
113,2008,2185.166353
113,2009,2127.990398
113,2009,2127.990398
113,2010,2176.203327
113,2010,2176.203327
113,2011,2204.441457
113,2011,2204.441457
113,2012,2073.354261
113,2012,2073.354261
114,2007,1818.672885
114,2007,1818.672885
114,2008,1765.594458
114,2008,1765.594458
114,2009,1666.997768
114,2009,1666.997768
114,2010,1657.838979
114,2010,1657.838979
114,2011,1636.797686
114,2011,1636.797686
114,2012,1542.297574
114,2012,1542.297574
115,2007,3337.74084
115,2007,3337.74084
115,2008,3244.454397
115,2008,3244.454397
115,2009,3305.033999
115,2009,3305.033999
115,2010,3140.711081
115,2010,3140.711081
115,2011,3095.581344
115,2011,3095.581344
115,2012,2937.650562
115,2012,2937.650562
116,2007,2314.506922
116,2007,2314.506922
116,2008,2208.003527
116,2008,2208.003527
116,2009,2169.498771
116,2009,2169.498771
116,2010,2236.159507
116,2010,2236.159507
116,2011,2283.455957
116,2011,2283.455957
116,2012,2339.834852
116,2012,2339.834852
117,2007,8638.169496
117,2007,8638.169496
117,2008,8699.204595
117,2008,8699.204595
117,2009,9652.438337
117,2009,9652.438337
117,2010,9789.427496
117,2010,9789.427496
117,2011,9354.128583
117,2011,9354.128583
117,2012,9850.751075
117,2012,9850.751075
118,2007,10710.97232
118,2008,11575.28897
118,2009,12719.084
118,2010,9357.512671
118,2011,8949.452307
118,2012,8939.62375
119,2007,12023.61889
119,2007,12023.61889
119,2008,12545.57984
119,2008,12545.57984
119,2009,12348.10204
119,2009,12348.10204
119,2010,12390.84196
119,2010,12390.84196
119,2011,12464.05566
119,2011,12464.05566
119,2012,12007.06469
119,2012,12007.06469
12,2007,9165.554065
12,2007,9165.554065
12,2008,9001.42204
12,2008,9001.42204
12,2009,8891.523795
12,2009,8891.523795
12,2010,8876.03843
12,2010,8876.03843
12,2011,8594.044276
12,2011,8594.044276
12,2012,8445.145032
12,2012,8445.145032
120,2007,5013.283033
120,2007,5013.283033
120,2008,5191.071472
120,2008,5191.071472
120,2009,5444.455282
120,2009,5444.455282
120,2010,5751.787728
120,2010,5751.787728
120,2011,5838.219451
120,2011,5838.219451
120,2012,6125.175858
120,2012,6125.175858
121,2007,10399.68358
121,2007,10399.68358
121,2008,11121.38511
121,2008,11121.38511
121,2009,11701.04204
121,2009,11701.04204
121,2010,12494.75522
121,2010,12494.75522
121,2011,14582.80202
121,2011,14582.80202
121,2012,15256.38522
121,2012,15256.38522
122,2007,1619.305956
122,2008,940.3522156
122,2009,958.2612696
122,2011,884.2045888
122,2012,887.5530121
123,2007,1327.013091
123,2007,1327.013091
123,2008,1385.4403
123,2008,1385.4403
123,2009,1438.268722
123,2009,1438.268722
123,2010,1500.688867
123,2010,1500.688867
123,2011,1542.224705
123,2011,1542.224705
123,2012,1535.905492
123,2012,1535.905492
124,2007,5504.96624
124,2007,5504.96624
124,2008,5239.799532
124,2008,5239.799532
124,2009,5284.835685
124,2009,5284.835685
124,2010,5372.026097
124,2010,5372.026097
124,2011,5341.79582
124,2011,5341.79582
124,2012,5439.610152
124,2012,5439.610152
126,2007,17299.44303
126,2007,17299.44303
126,2008,16332.47019
126,2008,16332.47019
126,2009,16932.70756
126,2009,16932.70756
126,2010,17147.06864
126,2010,17147.06864
126,2011,17316.14435
126,2011,17316.14435
126,2012,16491.59549
126,2012,16491.59549
127,2007,NA
127,2007,NA
127,2008,NA
127,2008,NA
127,2009,NA
127,2009,NA
127,2010,NA
127,2010,NA
127,2011,NA
127,2011,NA
127,2012,NA
127,2012,NA
128,2007,1229.620937
128,2008,1042.612454
128,2009,1014.54619
128,2010,981.7002407
128,2011,961.1480382
128,2012,946.1472725
129,2007,2462.400163
129,2007,2462.400163
129,2008,2444.671915
129,2008,2444.671915
129,2009,2433.155554
129,2009,2433.155554
129,2010,2401.65502
129,2010,2401.65502
129,2011,2377.486122
129,2011,2377.486122
129,2012,2358.128379
129,2012,2358.128379
13,2007,568.9236718
13,2008,614.5607884
13,2009,591.8189879
13,2010,578.4521537
13,2011,555.7723522
13,2012,558.7527117
130,2007,893.5373058
130,2007,893.5373058
130,2008,946.8348927
130,2008,946.8348927
130,2009,999.1036759
130,2009,999.1036759
130,2010,915.4568479
130,2010,915.4568479
130,2011,1002.611697
130,2011,1002.611697
130,2012,1054.560333
130,2012,1054.560333
131,2007,13631.2237
131,2007,13631.2237
131,2008,14007.06185
131,2008,14007.06185
131,2009,13884.03031
131,2009,13884.03031
131,2010,14287.12654
131,2010,14287.12654
131,2011,14814.74451
131,2011,14814.74451
131,2012,14886.19019
131,2012,14886.19019
132,2007,NA
132,2007,NA
132,2008,NA
132,2008,NA
132,2009,NA
132,2009,NA
132,2010,NA
132,2010,NA
132,2011,NA
132,2011,NA
132,2012,NA
132,2012,NA
133,2007,1607.56754
133,2007,1607.56754
133,2008,1814.259635
133,2008,1814.259635
133,2009,1790.40905
133,2009,1790.40905
133,2010,1834.393403
133,2010,1834.393403
133,2011,1796.615423
133,2011,1796.615423
133,2012,1723.026942
133,2012,1723.026942
134,2007,8286.042674
134,2008,8651.899536
134,2009,7762.5109
134,2010,7590.864153
134,2011,6077.367383
134,2012,6142.741163
135,2007,917.0666788
135,2008,1033.079483
135,2009,1062.808435
135,2010,1309.190318
135,2011,1300.845742
135,2012,1375.430676
136,2007,1417.090756
136,2007,1417.090756
136,2008,1368.175442
136,2008,1368.175442
136,2009,1390.299989
136,2009,1390.299989
136,2010,1382.805825
136,2010,1382.805825
136,2011,1362.005907
136,2011,1362.005907
136,2012,1363.821634
136,2012,1363.821634
137,2007,10297.35222
137,2007,10297.35222
137,2008,10821.84507
137,2008,10821.84507
137,2009,10874.07005
137,2009,10874.07005
137,2010,11252.66495
137,2010,11252.66495
137,2011,11321.52162
137,2011,11321.52162
137,2012,11547.57594
137,2012,11547.57594
138,2007,11237.8528
138,2007,11237.8528
138,2008,11193.86451
138,2008,11193.86451
138,2009,11148.73872
138,2009,11148.73872
138,2010,11179.53082
138,2010,11179.53082
138,2011,11198.61945
138,2011,11198.61945
138,2012,11082.87185
138,2012,11082.87185
14,2007,17977.36722
14,2007,17977.36722
14,2008,17925.18221
14,2008,17925.18221
14,2009,17827.92685
14,2009,17827.92685
14,2010,17562.30535
14,2010,17562.30535
14,2011,17752.29078
14,2011,17752.29078
14,2012,17900.75647
14,2012,17900.75647
141,2007,7073.210229
141,2007,7073.210229
141,2008,7402.023077
141,2008,7402.023077
141,2009,7476.829642
141,2009,7476.829642
141,2010,5515.408294
141,2010,5515.408294
141,2011,6135.50835
141,2011,6135.50835
141,2012,7122.362125
141,2012,7122.362125
142,2007,41788.65744
142,2007,41788.65744
142,2008,41198.20655
142,2008,41198.20655
142,2009,41344.92757
142,2009,41344.92757
142,2010,41011.77651
142,2010,41011.77651
142,2011,41616.04197
142,2011,41616.04197
142,2012,35815.81522
142,2012,35815.81522
143,2007,4921.47043
143,2007,4921.47043
143,2008,5487.952282
143,2008,5487.952282
143,2009,5720.049852
143,2009,5720.049852
143,2010,5994.910809
143,2010,5994.910809
143,2011,6222.514918
143,2011,6222.514918
143,2012,6083.373388
143,2012,6083.373388
144,2007,2282.0238
144,2007,2282.0238
144,2008,1613.651316
144,2008,1613.651316
144,2009,1878.107177
144,2009,1878.107177
144,2010,2087.26716
144,2010,2087.26716
144,2011,1993.970358
144,2011,1993.970358
144,2012,2006.343362
144,2012,2006.343362
145,2007,4580.93198
145,2007,4580.93198
145,2008,4624.361613
145,2008,4624.361613
145,2009,4628.833254
145,2009,4628.833254
145,2010,4631.357395
145,2010,4631.357395
145,2011,4681.444494
145,2011,4681.444494
145,2012,4714.855697
145,2012,4714.855697
146,2007,11898.03898
146,2007,11898.03898
146,2008,8686.916803
146,2008,8686.916803
146,2009,9070.139652
146,2009,9070.139652
146,2010,11125.81125
146,2010,11125.81125
146,2011,15422.56427
146,2011,15422.56427
146,2012,13006.02122
146,2012,13006.02122
147,2007,2114.268509
147,2007,2114.268509
147,2008,2042.716714
147,2008,2042.716714
147,2009,2023.367784
147,2009,2023.367784
147,2010,2024.888949
147,2010,2024.888949
147,2011,2028.811862
147,2011,2028.811862
147,2012,2026.2166
147,2012,2026.2166
148,2007,2571.983082
148,2007,2571.983082
148,2008,2648.28281
148,2008,2648.28281
148,2009,2648.053867
148,2009,2648.053867
148,2010,2630.074885
148,2010,2630.074885
148,2011,2631.303674
148,2011,2631.303674
148,2012,2638.921559
148,2012,2638.921559
149,2007,1200.32685
149,2007,1200.32685
149,2008,1225.503707
149,2008,1225.503707
149,2009,1224.485199
149,2009,1224.485199
149,2010,1245.371822
149,2010,1245.371822
149,2011,1536.463505
149,2011,1536.463505
149,2012,1660.320877
149,2012,1660.320877
150,2007,36081.34139
150,2008,36449.82705
150,2009,37658.49538
150,2010,37831.18593
150,2011,37591.99611
150,2012,37310.70086
151,2007,927.7047117
151,2008,946.7415381
151,2009,959.5020221
151,2010,971.2857184
153,2007,5614.524094
153,2007,5614.524094
153,2008,5733.728031
153,2008,5733.728031
153,2009,5392.803449
153,2009,5392.803449
153,2010,5459.099357
153,2010,5459.099357
153,2011,5386.421475
153,2011,5386.421475
153,2012,5496.025266
153,2012,5496.025266
154,2007,8588.421817
154,2007,8588.421817
154,2008,8407.646949
154,2008,8407.646949
154,2009,7921.952457
154,2009,7921.952457
154,2010,7793.937325
154,2010,7793.937325
154,2011,7742.260553
154,2011,7742.260553
154,2012,7136.018237
154,2012,7136.018237
155,2007,12095.97497
155,2007,12095.97497
155,2008,12568.01332
155,2008,12568.01332
155,2009,11762.35433
155,2009,11762.35433
155,2010,10984.4543
155,2010,10984.4543
155,2011,11434.95799
155,2011,11434.95799
155,2012,11279.799
155,2012,11279.799
156,2007,36727.98453
156,2007,36727.98453
156,2008,35698.64519
156,2008,35698.64519
156,2009,34138.45002
156,2009,34138.45002
156,2010,34329.7736
156,2010,34329.7736
156,2011,33552.59611
156,2011,33552.59611
156,2012,34130.54424
156,2012,34130.54424
157,2007,8101.822245
157,2007,8101.822245
157,2008,8145.585399
157,2008,8145.585399
157,2009,8347.031753
157,2009,8347.031753
157,2010,8449.269686
157,2010,8449.269686
157,2011,8612.104516
157,2011,8612.104516
157,2012,8656.345607
157,2012,8656.345607
158,2007,675.5710325
158,2007,675.5710325
158,2008,680.440783
158,2008,680.440783
158,2009,831.9190412
158,2009,831.9190412
158,2010,826.1604122
158,2010,826.1604122
158,2011,798.0882041
158,2011,798.0882041
158,2012,786.9479907
158,2012,786.9479907
159,2007,1422.390583
159,2007,1422.390583
159,2008,1456.775268
159,2008,1456.775268
159,2009,1485.628553
159,2009,1485.628553
159,2010,1518.032509
159,2010,1518.032509
159,2011,1564.239183
159,2011,1564.239183
159,2012,1535.100875
159,2012,1535.100875
16,2007,1271.08385
16,2007,1271.08385
16,2008,1312.924127
16,2008,1312.924127
16,2009,1376.760758
16,2009,1376.760758
16,2010,1432.508758
16,2010,1432.508758
16,2011,1508.644045
16,2011,1508.644045
16,2012,1574.593874
16,2012,1574.593874
160,2007,21541.57488
160,2007,21541.57488
160,2008,20547.55675
160,2008,20547.55675
160,2009,20655.48276
160,2009,20655.48276
160,2010,42252.26764
160,2010,42252.26764
160,2011,42087.52951
160,2011,42087.52951
160,2012,42451.69083
160,2012,42451.69083
162,2007,16830.31522
162,2007,16830.31522
162,2008,16385.21877
162,2008,16385.21877
162,2009,17981.65406
162,2009,17981.65406
162,2010,19034.12597
162,2010,19034.12597
162,2011,19672.14372
162,2011,19672.14372
162,2012,22151.34815
162,2012,22151.34815
163,2008,11.87653362
163,2009,17.52915407
163,2011,23.09710021
165,2007,2109.028227
165,2007,2109.028227
165,2008,2217.326814
165,2008,2217.326814
165,2009,2330.091822
165,2009,2330.091822
165,2010,2450.450136
165,2010,2450.450136
165,2011,2583.658597
165,2011,2583.658597
165,2012,2722.381233
165,2012,2722.381233
166,2007,9685.17269
166,2007,9685.17269
166,2008,10311.83821
166,2008,10311.83821
166,2009,9814.668942
166,2009,9814.668942
166,2010,9987.063065
166,2010,9987.063065
166,2011,10562.92472
166,2011,10562.92472
166,2012,11053.82378
166,2012,11053.82378
167,2007,16531.19402
167,2007,16531.19402
167,2008,15359.51226
167,2008,15359.51226
167,2009,14328.62116
167,2009,14328.62116
167,2010,13985.34847
167,2010,13985.34847
167,2011,13256.92051
167,2011,13256.92051
167,2012,12667.15572
167,2012,12667.15572
168,2007,2565.620282
168,2007,2565.620282
168,2008,2529.988693
168,2008,2529.988693
168,2009,2526.542107
168,2009,2526.542107
168,2010,2443.567785
168,2010,2443.567785
168,2011,2460.247515
168,2011,2460.247515
168,2012,2483.07231
168,2012,2483.07231
169,2007,15765.65331
169,2007,15765.65331
169,2008,15529.9794
169,2008,15529.9794
169,2009,16861.88849
169,2009,16861.88849
169,2010,17686.04226
169,2010,17686.04226
169,2011,17975.26635
169,2011,17975.26635
169,2012,17305.6081
169,2012,17305.6081
17,2007,1298.130733
17,2008,1418.551386
17,2009,1433.6174
17,2010,1419.42725
17,2011,1420.894871
17,2012,1421.813172
170,2007,7217.003825
170,2007,7217.003825
170,2008,7809.654746
170,2008,7809.654746
170,2009,8094.258102
170,2009,8094.258102
170,2010,7782.614894
170,2010,7782.614894
170,2011,7713.30196
170,2011,7713.30196
170,2012,7911.029222
170,2012,7911.029222
171,2007,4058.012208
171,2007,4058.012208
171,2008,4033.080883
171,2008,4033.080883
171,2009,4073.566349
171,2009,4073.566349
171,2010,3999.187839
171,2010,3999.187839
171,2011,3827.024922
171,2011,3827.024922
171,2012,3736.716109
171,2012,3736.716109
173,2007,22610.46692
173,2007,22610.46692
173,2008,20436.38094
173,2008,20436.38094
173,2009,20735.61979
173,2009,20735.61979
173,2010,20772.62064
173,2010,20772.62064
173,2011,20303.33532
173,2011,20303.33532
173,2012,19315.53687
173,2012,19315.53687
174,2007,16705.1298
174,2008,16950.72081
174,2009,16688.44169
174,2010,16783.19939
174,2011,16663.50879
174,2012,16821.76333
175,2007,2011.611966
175,2007,2011.611966
175,2008,2216.888161
175,2008,2216.888161
175,2009,2433.471284
175,2009,2433.471284
175,2010,2669.945864
175,2010,2669.945864
175,2011,2976.320127
175,2011,2976.320127
175,2012,2899.875213
175,2012,2899.875213
176,2007,4575.903965
176,2008,4691.863353
176,2008,4691.863353
176,2009,4810.867105
176,2009,4810.867105
176,2010,4065.055707
176,2010,4065.055707
176,2011,4191.347277
176,2011,4191.347277
176,2012,4140.5902
176,2012,4140.5902
177,2007,4789.275812
177,2008,4847.015481
177,2009,4911.572614
177,2010,5144.888514
177,2011,5338.608473
177,2012,5372.72368
178,2007,343.2246369
178,2007,343.2246369
178,2008,287.9063786
178,2008,287.9063786
178,2009,318.1868102
178,2009,318.1868102
178,2010,315.9946675
178,2010,315.9946675
178,2011,311.9759675
178,2011,311.9759675
178,2012,308.0972438
179,2007,3360.36332
179,2008,3306.661667
179,2009,3265.754715
179,2010,3132.409345
179,2011,2967.271487
179,2012,3000.080681
18,2007,1098.530579
18,2007,1098.530579
18,2008,960.9512497
18,2008,960.9512497
18,2009,938.0882377
18,2009,938.0882377
18,2010,960.5708616
18,2010,960.5708616
18,2011,962.364636
18,2011,962.364636
18,2012,1141.340504
18,2012,1141.340504
180,2007,5.321687671
180,2008,23.30509808
180,2009,18.95542964
180,2010,23.73667397
180,2011,25.98975123
180,2012,48.16859178
181,2007,2607.531215
181,2007,2607.531215
181,2008,2598.882491
181,2008,2598.882491
181,2009,2651.942825
181,2009,2651.942825
181,2010,2660.333387
181,2010,2660.333387
181,2011,2683.142775
181,2011,2683.142775
181,2012,2672.917129
181,2012,2672.917129
182,2007,13620.74953
182,2008,13927.09197
182,2009,14195.17556
182,2010,14712.72981
182,2011,14432.06306
182,2012,14793.57752
183,2007,15551.50091
183,2007,15551.50091
183,2008,15290.86814
183,2008,15290.86814
183,2009,14998.50702
183,2009,14998.50702
183,2010,14080.94894
183,2010,14080.94894
183,2011,13195.99988
183,2011,13195.99988
183,2012,13123.61078
183,2012,13123.61078
184,2007,436.7745575
184,2007,436.7745575
184,2008,465.9267105
184,2008,465.9267105
184,2009,591.8154681
184,2009,591.8154681
184,2010,619.8069068
184,2010,619.8069068
184,2011,630.1766606
184,2011,630.1766606
184,2012,724.3850086
184,2012,724.3850086
185,2007,11157.42745
185,2007,11157.42745
185,2008,11424.65599
185,2008,11424.65599
185,2009,11516.70681
185,2009,11516.70681
185,2010,11956.02334
185,2010,11956.02334
185,2011,12082.14612
185,2011,12082.14612
185,2012,12457.91344
185,2012,12457.91344
187,2007,2241.939455
187,2008,2376.793316
187,2009,2409.060712
187,2010,2387.511943
187,2011,2360.368756
187,2012,2373.44896
188,2007,4189.91945
188,2007,4189.91945
188,2008,4468.173511
188,2008,4468.173511
188,2009,4100.061666
188,2009,4100.061666
188,2010,4271.336879
188,2010,4271.336879
188,2011,4264.647417
188,2011,4264.647417
188,2012,4215.278483
188,2012,4215.278483
189,2007,4552.22428
189,2007,4552.22428
189,2008,4300.143595
189,2008,4300.143595
189,2009,4241.214575
189,2009,4241.214575
189,2010,4150.166187
189,2010,4150.166187
189,2011,4094.150388
189,2011,4094.150388
189,2012,4045.878035
189,2012,4045.878035
19,2007,15709.23154
19,2007,15709.23154
19,2008,16735.6735
19,2008,16735.6735
19,2009,16768.25992
19,2009,16768.25992
19,2010,26568.00165
19,2010,26568.00165
19,2011,26280.22934
19,2011,26280.22934
19,2012,26387.70585
19,2012,26387.70585
190,2007,6703.58082
190,2008,7078.82893
190,2009,7102.273312
190,2010,7110.493626
190,2011,6977.295542
190,2012,6811.487803
191,2007,3496.616781
191,2007,3496.616781
191,2008,3757.971405
191,2008,3757.971405
191,2009,3954.549167
191,2009,3954.549167
191,2010,3835.539296
191,2010,3835.539296
191,2011,3714.745024
191,2011,3714.745024
191,2012,3475.402091
191,2012,3475.402091
192,2007,NA
192,2008,NA
192,2009,NA
192,2010,NA
192,2011,NA
192,2012,NA
193,2007,2480.235617
193,2007,2480.235617
193,2008,2419.716331
193,2008,2419.716331
193,2009,2414.568603
193,2009,2414.568603
193,2010,2373.092721
193,2010,2373.092721
193,2011,826871.815
193,2011,826871.815
193,2012,795205.4473
193,2012,795205.4473
194,2007,5551.9775
194,2007,5551.9775
194,2008,5512.622648
194,2008,5512.622648
194,2009,5476.324492
194,2009,5476.324492
194,2010,5880.902313
194,2010,5880.902313
194,2011,6657.151467
194,2011,6657.151467
194,2012,6729.358152
194,2012,6729.358152
195,2007,2247.309114
195,2007,2247.309114
195,2008,2344.773325
195,2008,2344.773325
195,2009,2270.882956
195,2009,2270.882956
195,2010,2517.37646
195,2010,2517.37646
195,2011,2780.61053
195,2011,2780.61053
195,2012,2728.793551
195,2012,2728.793551
196,2007,6610.171261
196,2007,6610.171261
196,2008,6122.967242
196,2008,6122.967242
196,2009,4982.838619
196,2009,4982.838619
196,2010,5372.891474
196,2010,5372.891474
196,2011,6010.999704
196,2011,6010.999704
196,2012,6632.426519
196,2012,6632.426519
197,2007,758.1001941
197,2007,758.1001941
197,2008,937.9605907
197,2008,937.9605907
197,2009,1201.123063
197,2009,1201.123063
197,2010,1305.883958
197,2010,1305.883958
197,2011,1417.283812
197,2011,1417.283812
197,2012,1481.87526
197,2012,1481.87526
198,2007,22093.14004
198,2007,22093.14004
198,2008,22197.29673
198,2008,22197.29673
198,2009,20879.27369
198,2009,20879.27369
198,2010,21004.16434
198,2010,21004.16434
198,2011,19943.25984
198,2011,19943.25984
198,2012,19268.3407
198,2012,19268.3407
199,2007,12305.98427
199,2007,12305.98427
199,2008,11562.78739
199,2008,11562.78739
199,2009,10009.01407
199,2009,10009.01407
199,2010,10544.48089
199,2010,10544.48089
199,2011,9708.952791
199,2011,9708.952791
199,2012,9180.938157
199,2012,9180.938157
2,2007,825.1567879
2,2007,825.1567879
2,2008,927.3013689
2,2008,927.3013689
2,2009,987.5417388
2,2009,987.5417388
2,2010,1101.01614
2,2010,1101.01614
2,2011,1093.486491
2,2011,1093.486491
2,2012,1046.554954
2,2012,1046.554954
20,2007,1761.05534
20,2007,1761.05534
20,2008,1754.582024
20,2008,1754.582024
20,2009,1715.7219
20,2009,1715.7219
20,2010,1793.672698
20,2010,1793.672698
20,2011,1823.503875
20,2011,1823.503875
20,2012,1838.826354
20,2012,1838.826354
200,2007,2148.036337
200,2007,2148.036337
200,2008,1961.162694
200,2008,1961.162694
200,2009,2019.282004
200,2009,2019.282004
200,2010,2105.405824
200,2010,2105.405824
200,2011,2110.191677
200,2011,2110.191677
200,2012,2143.796726
200,2012,2143.796726
201,2007,759.1896845
201,2007,759.1896845
201,2008,740.3089619
201,2008,740.3089619
201,2009,720.8306073
201,2009,720.8306073
201,2010,713.3948481
201,2010,713.3948481
201,2011,698.0561657
201,2011,698.0561657
201,2012,628.1685552
201,2012,628.1685552
202,2007,4581.457997
202,2007,4581.457997
202,2008,5244.225991
202,2008,5244.225991
202,2009,5392.100686
202,2009,5392.100686
202,2010,5458.048251
202,2010,5458.048251
202,2011,5500.603107
202,2011,5500.603107
202,2012,5512.025233
202,2012,5512.025233
203,2007,24171.25155
203,2008,24449.16072
203,2009,23248.32341
203,2010,23045.42694
203,2011,22853.81737
203,2012,22310.46511
205,2010,54.25397496
206,2007,1602.692857
206,2007,1602.692857
206,2008,1580.41039
206,2008,1580.41039
206,2009,1553.397445
206,2009,1553.397445
206,2010,1530.257016
206,2010,1530.257016
206,2011,NA
207,2007,11331.9907
207,2007,11331.9907
207,2008,10190.05434
207,2008,10190.05434
207,2009,11652.01072
207,2009,11652.01072
207,2010,13377.95089
207,2010,13377.95089
207,2011,11955.1543
207,2011,11955.1543
207,2012,13076.85121
207,2012,13076.85121
208,2007,690.2577522
208,2007,690.2577522
208,2008,833.7172182
208,2008,833.7172182
208,2009,896.0780702
208,2009,896.0780702
208,2010,941.2653032
208,2010,941.2653032
208,2011,987.9420354
208,2011,987.9420354
208,2012,1058.608289
208,2012,1058.608289
209,2007,2682.499535
209,2007,2682.499535
209,2008,2619.100268
209,2008,2619.100268
209,2009,2628.90999
209,2009,2628.90999
209,2010,2784.771325
209,2010,2784.771325
209,2011,2821.782576
209,2011,2821.782576
209,2012,2850.409579
209,2012,2850.409579
21,2007,17497.71955
21,2007,17497.71955
21,2008,18668.53276
21,2008,18668.53276
21,2009,18848.45949
21,2009,18848.45949
21,2010,20248.12682
21,2010,20248.12682
21,2011,20436.83089
21,2011,20436.83089
21,2012,20347.17412
21,2012,20347.17412
210,2007,11120.12061
210,2008,11083.95507
210,2009,11173.39271
210,2010,11008.73356
210,2011,10881.65188
210,2012,10444.75152
211,2007,11690.28786
211,2007,11690.28786
211,2008,11660.05989
211,2008,11660.05989
211,2009,11709.21896
211,2009,11709.21896
211,2010,11689.6397
211,2010,11689.6397
211,2011,11567.38707
211,2011,11567.38707
211,2012,11507.79343
211,2012,11507.79343
212,2007,2581.951058
212,2007,2581.951058
212,2008,2188.35238
212,2008,2188.35238
212,2009,2134.198386
212,2009,2134.198386
212,2010,2117.860847
212,2010,2117.860847
212,2011,2143.484074
212,2011,2143.484074
212,2012,2025.718612
212,2012,2025.718612
213,2007,4385.562948
213,2007,4385.562948
213,2008,5080.698956
213,2008,5080.698956
213,2009,4896.279352
213,2009,4896.279352
213,2010,4871.588864
213,2010,4871.588864
213,2011,4536.137494
213,2011,4536.137494
213,2012,4575.608925
213,2012,4575.608925
214,2007,13910.80065
214,2008,13073.41944
214,2009,12540.14136
214,2010,12436.20002
214,2011,12273.98362
214,2012,12199.69418
215,2007,1023.579099
215,2007,1023.579099
215,2008,1017.81932
215,2008,1017.81932
215,2009,1008.681235
215,2009,1008.681235
215,2010,1007.716352
215,2010,1007.716352
215,2011,1044.220572
215,2011,1044.220572
215,2012,1027.253539
215,2012,1027.253539
216,2007,8981.645133
216,2007,8981.645133
216,2008,8034.975386
216,2008,8034.975386
216,2009,7677.632672
216,2009,7677.632672
216,2010,7938.351815
216,2010,7938.351815
216,2011,8195.093066
216,2011,8195.093066
216,2012,8366.219616
216,2012,8366.219616
217,2007,2000.758106
217,2007,2000.758106
217,2008,1946.819676
217,2008,1946.819676
217,2009,2207.251123
217,2009,2207.251123
217,2010,2296.891953
217,2010,2296.891953
217,2011,2358.888069
217,2011,2358.888069
217,2012,2706.632245
217,2012,2706.632245
218,2007,11431.50663
218,2007,11431.50663
218,2008,11183.10483
218,2008,11183.10483
218,2009,11182.10146
218,2009,11182.10146
218,2010,11102.67689
218,2010,11102.67689
218,2011,11108.06103
218,2012,11133.88309
219,2007,12212.31875
219,2007,12212.31875
219,2008,12034.70521
219,2008,12034.70521
219,2009,12013.14657
219,2009,12013.14657
219,2010,12023.06678
219,2010,12023.06678
219,2011,11910.91678
219,2011,11910.91678
219,2012,12008.59003
219,2012,12008.59003
22,2007,NA
22,2008,NA
22,2009,NA
22,2010,NA
22,2011,0.771269621
22,2012,NA
220,2007,27434.27315
220,2007,27434.27315
220,2008,28564.11326
220,2008,28564.11326
220,2009,30667.93379
220,2009,30667.93379
220,2010,34209.75813
220,2010,34209.75813
220,2011,35715.13219
220,2011,35715.13219
220,2012,36134.37485
220,2012,36134.37485
221,2007,1407.300285
221,2008,1442.984622
221,2009,1370.521561
221,2010,1330.887492
221,2011,1239.765905
221,2012,1191.682277
222,2007,7755.900814
222,2007,7755.900814
222,2008,7971.039936
222,2008,7971.039936
222,2009,8007.123663
222,2009,8007.123663
222,2010,8609.335848
222,2010,8609.335848
222,2011,8266.558722
222,2011,8266.558722
222,2012,8912.815185
222,2012,8912.815185
223,2007,7831.482302
223,2007,7831.482302
223,2008,6336.243321
223,2008,6336.243321
223,2009,5927.155343
223,2009,5927.155343
223,2010,5314.872669
223,2010,5314.872669
223,2011,5396.78692
223,2011,5396.78692
223,2012,5551.912892
223,2012,5551.912892
224,2007,NA
224,2008,NA
224,2009,NA
224,2010,NA
224,2011,NA
224,2012,NA
225,2007,1804.017856
225,2008,1935.664408
225,2009,1909.83408
225,2010,1882.368682
225,2011,1782.030298
225,2012,1772.930468
226,2007,1548.817113
226,2007,1548.817113
226,2008,1796.992033
226,2008,1796.992033
226,2009,1886.765318
226,2009,1886.765318
226,2010,1954.459814
226,2010,1954.459814
226,2011,1932.402677
226,2011,1932.402677
226,2012,2001.403857
226,2012,2001.403857
227,2007,14497.18292
227,2007,14497.18292
227,2008,14415.9274
227,2008,14415.9274
227,2009,14482.41173
227,2009,14482.41173
227,2010,14494.58344
227,2010,14494.58344
227,2011,14494.99882
227,2011,14494.99882
227,2012,14490.03138
227,2012,14490.03138
229,2007,10722.26539
229,2008,10615.18123
229,2009,10608.68715
229,2010,10515.90354
229,2011,10190.89287
229,2012,9848.176298
23,2007,9878.991486
23,2007,9878.991486
23,2008,9723.495043
23,2008,9723.495043
23,2009,10370.67168
23,2009,10370.67168
23,2010,10767.02452
23,2010,10767.02452
23,2011,10199.84171
23,2011,10199.84171
23,2012,10459.69595
23,2012,10459.69595
230,2007,12949.95431
230,2007,12949.95431
230,2008,12460.6775
230,2008,12460.6775
230,2009,12475.85394
230,2009,12475.85394
230,2010,13073.6199
230,2010,13073.6199
230,2011,13698.54015
230,2011,13698.54015
230,2012,13441.7504
230,2012,13441.7504
231,2007,33396.97816
231,2007,33396.97816
231,2008,33536.06234
231,2008,33536.06234
231,2009,31919.89283
231,2009,31919.89283
231,2010,31796.32459
231,2010,31796.32459
231,2011,31515.21323
231,2011,31515.21323
231,2012,31109.40702
231,2012,31109.40702
233,2007,2106.373068
233,2007,2106.373068
233,2008,2230.075735
233,2008,2230.075735
233,2009,2223.500954
233,2009,2223.500954
233,2010,2271.332045
233,2010,2271.332045
233,2011,2248.230404
233,2011,2248.230404
233,2012,2284.78004
233,2012,2284.78004
234,2007,25539.31803
234,2007,25539.31803
234,2008,26421.83757
234,2008,26421.83757
234,2009,24035.44968
234,2009,24035.44968
234,2010,25020.77982
234,2010,25020.77982
234,2011,25290.3971
234,2011,25290.3971
234,2012,24706.23851
234,2012,24706.23851
235,2007,2275.180381
235,2007,2275.180381
235,2008,2436.653746
235,2008,2436.653746
235,2009,2705.929735
235,2009,2705.929735
235,2010,3047.748206
235,2010,3047.748206
235,2011,3326.402377
235,2011,3326.402377
235,2012,3655.722567
235,2012,3655.722567
236,2007,8589.274985
236,2007,8589.274985
236,2008,9189.496505
236,2008,9189.496505
236,2009,9168.029883
236,2009,9168.029883
236,2010,8403.128144
236,2010,8403.128144
236,2011,8954.578557
236,2011,8954.578557
236,2012,9373.446149
236,2012,9373.446149
237,2007,6739.250553
237,2007,6739.250553
237,2008,7113.941636
237,2008,7113.941636
237,2009,7543.089092
237,2009,7543.089092
237,2010,7641.568119
237,2010,7641.568119
237,2011,8019.923776
237,2011,8019.923776
237,2012,7746.270646
237,2012,7746.270646
238,2007,868.8348431
238,2007,868.8348431
238,2008,872.5945292
238,2008,872.5945292
238,2009,915.3965759
238,2009,915.3965759
238,2010,979.2587415
238,2010,979.2587415
238,2011,913.865997
238,2011,913.865997
238,2012,943.1615713
238,2012,943.1615713
239,2007,1053.08354
239,2007,1053.08354
239,2008,806.6399405
239,2008,806.6399405
239,2009,772.0282181
239,2009,772.0282181
239,2010,778.4601335
239,2010,778.4601335
239,2011,754.1357906
239,2011,754.1357906
239,2012,752.9501176
239,2012,752.9501176
243,2007,23783.27134
243,2007,23783.27134
243,2008,24060.42139
243,2008,24060.42139
243,2009,24069.63114
243,2009,24069.63114
243,2010,23944.12693
243,2010,23944.12693
243,2011,25798.51157
243,2011,25798.51157
243,2012,25845.95706
243,2012,25845.95706
244,2007,13623.6292
244,2007,13623.6292
244,2008,13487.34134
244,2008,13487.34134
244,2009,13339.38449
244,2009,13339.38449
244,2010,13265.35781
244,2010,13265.35781
244,2011,13194.07082
244,2011,13194.07082
244,2012,13140.12283
244,2012,13140.12283
249,2007,1796.261271
249,2007,1796.261271
249,2008,1844.249109
249,2008,1844.249109
249,2009,1849.191166
249,2009,1849.191166
249,2010,1863.14122
249,2010,1863.14122
249,2011,1769.527284
249,2011,1769.527284
249,2012,1821.517579
249,2012,1821.517579
25,2007,1610.226974
25,2007,1610.226974
25,2008,1591.560763
25,2008,1591.560763
25,2009,1568.975426
25,2009,1568.975426
25,2010,1505.752304
25,2010,1505.752304
25,2011,1464.350265
25,2011,1464.350265
25,2012,1444.270582
25,2012,1444.270582
250,2007,254.6791756
250,2007,254.6791756
250,2008,248.730259
250,2008,248.730259
250,2009,243.5376008
250,2009,243.5376008
250,2010,241.2978093
250,2010,241.2978093
250,2011,235.8909027
250,2011,235.8909027
250,2012,238.5906485
250,2012,238.5906485
251,2007,2050.938351
251,2007,2050.938351
251,2008,2160.817743
251,2008,2160.817743
251,2009,2230.630529
251,2009,2230.630529
251,2010,2289.342695
251,2010,2289.342695
251,2011,2283.676612
251,2011,2283.676612
251,2012,2262.170514
251,2012,2262.170514
255,2007,28426.35125
255,2008,27911.03856
255,2009,27402.98821
255,2010,27579.5038
255,2011,26787.18353
255,2012,27643.39488
256,2007,19338.71904
256,2008,19809.73452
256,2009,19668.19071
256,2010,17862.6789
256,2011,17951.53109
256,2012,17738.1179
258,2007,NA
258,2008,NA
258,2009,NA
258,2010,NA
258,2011,NA
258,2012,NA
26,2007,27677.83596
26,2007,27677.83596
26,2008,27656.36908
26,2008,27656.36908
26,2009,27166.8381
26,2009,27166.8381
26,2010,28012.28409
26,2010,28012.28409
26,2011,26937.7171
26,2011,26937.7171
26,2012,31879.05111
26,2012,31879.05111
27,2007,9171.403555
27,2007,9171.403555
27,2008,8654.702723
27,2008,8654.702723
27,2009,8192.313211
27,2009,8192.313211
27,2010,7926.287991
27,2010,7926.287991
27,2011,7473.125284
27,2011,7473.125284
27,2012,7174.808535
27,2012,7174.808535
270,2007,18.68330535
270,2008,17.689
270,2009,21.42442839
270,2010,13.25082353
270,2011,8.05701135
270,2012,16.46710046
272,2007,8318.626905
272,2008,8542.970514
272,2009,9314.151599
272,2010,10382.82336
272,2011,8512.770986
272,2012,9078.863177
273,2007,3755.065657
273,2008,3241.768335
273,2009,3168.929923
273,2010,3378.066893
273,2011,3574.842899
273,2012,3774.800952
28,2007,4827.832744
28,2007,4827.832744
28,2008,5348.289944
28,2008,5348.289944
28,2009,6414.837267
28,2009,6414.837267
28,2010,6837.406932
28,2010,6837.406932
28,2011,7449.116671
28,2011,7449.116671
28,2012,7586.890342
28,2012,7586.890342
29,2007,538.9283817
29,2007,538.9283817
29,2008,488.8154777
29,2008,488.8154777
29,2009,582.0899385
29,2009,582.0899385
29,2010,591.6076639
29,2010,591.6076639
29,2011,562.4552227
29,2011,562.4552227
29,2012,540.2577626
29,2012,540.2577626
299,2007,2946.22512
299,2008,2945.537038
299,2009,2964.277761
299,2010,2837.616677
299,2011,2860.761484
299,2012,2287.574658
3,2007,11992.67587
3,2007,11992.67587
3,2008,12249.32888
3,2008,12249.32888
3,2009,12168.20776
3,2009,12168.20776
3,2010,12290.13353
3,2010,12290.13353
3,2011,12520.7991
3,2011,12520.7991
3,2012,12423.07044
3,2012,12423.07044
32,2007,1635.402578
32,2007,1635.402578
32,2008,1615.273633
32,2008,1615.273633
32,2009,1602.280616
32,2009,1602.280616
32,2010,1643.926246
32,2010,1643.926246
32,2011,1678.713203
32,2011,1678.713203
32,2012,1568.485339
32,2012,1568.485339
33,2007,37808.06733
33,2007,37808.06733
33,2008,36200.04741
33,2008,36200.04741
33,2009,34629.11138
33,2009,34629.11138
33,2010,33590.6467
33,2010,33590.6467
33,2011,32244.34709
33,2011,32244.34709
33,2012,33525.04303
33,2012,33525.04303
35,2007,2223.707251
35,2007,2223.707251
35,2008,2391.810964
35,2008,2391.810964
35,2009,2493.067565
35,2009,2493.067565
35,2010,2552.01517
35,2010,2552.01517
35,2011,2676.236827
35,2011,2676.236827
35,2012,2725.67721
35,2012,2725.67721
36,2007,587.8491019
36,2007,587.8491019
36,2008,586.2330766
36,2008,586.2330766
36,2009,533.8826943
36,2009,533.8826943
36,2010,511.3326976
36,2010,511.3326976
36,2011,502.126507
36,2011,502.126507
36,2012,488.1456077
36,2012,488.1456077
37,2007,2489.593632
37,2007,2489.593632
37,2008,2728.820396
37,2008,2728.820396
37,2009,2811.264074
37,2009,2811.264074
37,2010,2906.631655
37,2010,2906.631655
37,2011,2903.176754
37,2011,2903.176754
37,2012,2904.213426
37,2012,2904.213426
38,2007,936.3457831
38,2007,936.3457831
38,2008,959.0799701
38,2008,959.0799701
38,2009,936.1489351
38,2009,936.1489351
38,2010,946.9285665
38,2010,946.9285665
38,2011,964.610738
38,2011,964.610738
38,2012,965.3387162
38,2012,965.3387162
39,2007,557.7381174
39,2007,557.7381174
39,2008,553.6123911
39,2008,553.6123911
39,2009,550.5797978
39,2009,550.5797978
39,2010,553.4852879
39,2010,553.4852879
39,2011,551.0786884
39,2011,551.0786884
39,2012,548.5357903
39,2012,548.5357903
4,2007,2758.834963
4,2007,2758.834963
4,2008,2690.573063
4,2008,2690.573063
4,2009,2705.578678
4,2009,2705.578678
4,2010,2927.588525
4,2010,2927.588525
4,2011,2928.773911
4,2011,2928.773911
4,2012,3034.154385
4,2012,3034.154385
40,2007,25684.86941
40,2007,25684.86941
40,2008,25313.07395
40,2008,25313.07395
40,2009,24984.44651
40,2009,24984.44651
40,2010,25814.42712
40,2010,25814.42712
40,2011,26588.65815
40,2011,26588.65815
40,2012,27545.52399
40,2012,27545.52399
41,2007,10217.51298
41,2008,10740.72816
41,2009,11153.91408
41,2010,11356.76965
41,2011,11373.06224
41,2012,11527.58284
44,2007,7463.184085
44,2007,7463.184085
44,2008,7586.528431
44,2008,7586.528431
44,2009,7472.511063
44,2009,7472.511063
44,2010,7416.116619
44,2010,7416.116619
44,2011,7088.701032
44,2011,7088.701032
44,2012,6882.512009
44,2012,6882.512009
45,2007,560.7959248
45,2007,560.7959248
45,2008,547.9761259
45,2008,547.9761259
45,2009,535.3889612
45,2009,535.3889612
45,2010,551.6902763
45,2010,551.6902763
45,2011,546.9817558
45,2011,546.9817558
45,2012,506.8377065
45,2012,506.8377065
46,2007,619.0080534
46,2007,619.0080534
46,2008,624.932148
46,2008,624.932148
46,2009,622.7587603
46,2009,622.7587603
46,2010,633.871504
46,2010,633.871504
46,2011,644.6070954
46,2011,644.6070954
46,2012,645.7307965
46,2012,645.7307965
47,2007,12860.49629
47,2007,12860.49629
47,2008,12864.0803
47,2008,12864.0803
47,2009,12879.00522
47,2009,12879.00522
47,2010,12797.27351
47,2010,12797.27351
47,2011,12803.02345
47,2011,12803.02345
47,2012,12213.40902
47,2012,12213.40902
48,2007,10981.18745
48,2007,10981.18745
48,2008,10744.80019
48,2008,10744.80019
48,2009,10710.77684
48,2009,10710.77684
48,2010,10879.70593
48,2010,10879.70593
48,2011,10475.34564
48,2011,10475.34564
48,2012,10448.83786
48,2012,10448.83786
49,2007,5264.742352
49,2007,5264.742352
49,2008,5195.481066
49,2008,5195.481066
49,2009,4971.922472
49,2009,4971.922472
49,2010,5281.883251
49,2010,5281.883251
49,2011,5224.471852
49,2011,5224.471852
49,2012,5029.724745
49,2012,5029.724745
5,2007,2571.253517
5,2007,2571.253517
5,2008,2616.409977
5,2008,2616.409977
5,2009,2668.554222
5,2009,2668.554222
5,2010,2657.291069
5,2010,2657.291069
5,2011,2706.86558
5,2011,2706.86558
5,2012,2711.679236
5,2012,2711.679236
50,2007,13778.07305
50,2007,13778.07305
50,2008,13768.26702
50,2008,13768.26702
50,2009,12799.39346
50,2009,12799.39346
50,2010,12972.5213
50,2010,12972.5213
50,2011,12019.12315
50,2011,12019.12315
50,2012,11843.66301
50,2012,11843.66301
52,2007,2871.927706
52,2007,2871.927706
52,2008,3085.56848
52,2008,3085.56848
52,2009,3274.719739
52,2009,3274.719739
52,2010,3296.354206
52,2010,3296.354206
52,2011,3303.599075
52,2011,3303.599075
52,2012,3441.862498
52,2012,3441.862498
53,2007,1252.842879
53,2007,1252.842879
53,2008,1263.417554
53,2008,1263.417554
53,2009,1280.086138
53,2009,1280.086138
53,2010,1276.969902
53,2010,1276.969902
53,2011,1287.221856
53,2011,1287.221856
53,2012,1297.558845
53,2012,1297.558845
54,2007,64689.77914
54,2008,61620.56047
54,2009,62986.55163
54,2010,65002.4626
54,2011,64385.64604
54,2012,65350.19434
55,2007,6002.42187
55,2007,6002.42187
55,2008,6051.451613
55,2008,6051.451613
55,2009,6086.475737
55,2009,6086.475737
55,2010,6091.370548
55,2010,6091.370548
55,2011,6156.360778
55,2011,6156.360778
55,2012,5983.044409
55,2012,5983.044409
56,2007,14459.25303
56,2007,14459.25303
56,2008,13122.27476
56,2008,13122.27476
56,2009,14198.09614
56,2009,14198.09614
56,2010,14032.45125
56,2010,14032.45125
56,2011,13480.63653
56,2011,13480.63653
56,2012,13332.42253
56,2012,13332.42253
57,2007,23848.46263
57,2007,23848.46263
57,2008,24360.84339
57,2008,24360.84339
57,2009,25739.10207
57,2009,25739.10207
57,2010,26446.65107
57,2010,26446.65107
57,2011,27180.59817
57,2011,27180.59817
57,2012,28318.62976
57,2012,28318.62976
58,2007,12054.84902
58,2007,12054.84902
58,2008,15006.36652
58,2008,15006.36652
58,2009,12190.95338
58,2009,12190.95338
58,2010,16159.89941
58,2010,16159.89941
58,2011,15675.76206
58,2011,15675.76206
58,2012,14867.40133
58,2012,14867.40133
59,2007,2855.770439
59,2007,2855.770439
59,2008,2797.25111
59,2008,2797.25111
59,2009,2756.733977
59,2009,2756.733977
59,2010,3013.376458
59,2010,3013.376458
59,2011,3130.900947
59,2011,3130.900947
59,2012,3209.336761
59,2012,3209.336761
6,2007,NA
6,2008,NA
6,2009,NA
6,2010,NA
6,2011,NA
6,2012,NA
60,2007,4934.70965
60,2007,4934.70965
60,2008,4671.782965
60,2008,4671.782965
60,2009,4517.811135
60,2009,4517.811135
60,2010,4297.299142
60,2010,4297.299142
60,2011,4085.45498
60,2011,4085.45498
60,2012,4189.585737
60,2012,4189.585737
61,2007,367.4134575
61,2007,367.4134575
61,2008,365.6435068
61,2008,365.6435068
61,2009,356.7230055
61,2009,356.7230055
61,2010,349.1331667
61,2010,349.1331667
61,2011,349.0189817
61,2011,349.0189817
61,2012,350.0177359
61,2012,350.0177359
63,2007,11507.69565
63,2007,11507.69565
63,2008,11907.80233
63,2008,11907.80233
63,2009,11924.97623
63,2009,11924.97623
63,2010,12274.36462
63,2010,12274.36462
63,2011,12597.93286
63,2011,12597.93286
63,2012,13204.72701
63,2012,13204.72701
64,2007,23395.05943
64,2008,33976.57503
64,2009,46288.32086
64,2010,44924.35488
64,2011,57333.66942
64,2012,76203.45879
65,2007,17683.37023
65,2008,17872.5708
65,2009,17858.07986
65,2010,17942.15171
65,2011,18021.49497
65,2012,17028.29084
66,2007,10148.16365
66,2007,10148.16365
66,2008,10152.31714
66,2008,10152.31714
66,2009,10068.40071
66,2009,10068.40071
66,2010,10513.02294
66,2010,10513.02294
66,2011,10559.27944
66,2011,10559.27944
66,2012,11073.42165
66,2012,11073.42165
67,2007,15224.68621
67,2008,15481.63428
67,2009,14694.19612
67,2010,14757.77684
67,2011,14750.29086
67,2012,14748.65836
68,2007,23627.19787
68,2008,22726.4859
68,2009,22752.1539
68,2010,22678.39917
68,2011,22894.93798
68,2012,22645.67361
69,2007,1795.756291
69,2008,1644.238249
69,2009,1615.649169
69,2010,1702.90898
69,2011,1604.197072
69,2012,1624.330486
7,2007,1277.718748
7,2007,1277.718748
7,2008,1395.43743
7,2008,1395.43743
7,2009,1558.421845
7,2009,1558.421845
7,2010,1715.208031
7,2010,1715.208031
7,2011,1868.055216
7,2011,1868.055216
7,2012,2032.311051
7,2012,2032.311051
70,2007,3041.294604
70,2007,3041.294604
70,2008,3060.010025
70,2008,3060.010025
70,2009,3195.947658
70,2009,3195.947658
70,2010,3104.329667
70,2010,3104.329667
70,2011,3050.4465
70,2011,3050.4465
70,2012,3067.748465
70,2012,3067.748465
72,2007,494.893299
72,2008,499.5362507
72,2009,440.0328204
72,2010,433.1884075
72,2011,428.2041602
72,2012,442.4463746
73,2007,2677.006256
73,2007,2677.006256
73,2008,2414.664545
73,2008,2414.664545
73,2009,2461.786735
73,2009,2461.786735
73,2010,2554.93447
73,2010,2554.93447
73,2011,2511.014359
73,2011,2511.014359
73,2012,2453.21597
73,2012,2453.21597
74,2007,1542.946396
74,2007,1542.946396
74,2008,1509.858893
74,2008,1509.858893
74,2009,1496.843475
74,2009,1496.843475
74,2010,1451.746101
74,2010,1451.746101
74,2011,1427.946928
74,2011,1427.946928
74,2012,1410.629179
74,2012,1410.629179
75,2007,686.9938961
75,2007,686.9938961
75,2008,699.0880396
75,2008,699.0880396
75,2009,734.7361017
75,2009,734.7361017
75,2010,741.0475705
75,2010,741.0475705
75,2011,657.8436828
75,2011,657.8436828
75,2012,669.128748
75,2012,669.128748
79,2007,15321.98566
79,2008,15310.53993
79,2009,15453.10689
79,2010,15822.7621
79,2011,15994.55111
79,2012,16793.02407
8,2007,4004.361442
8,2007,4004.361442
8,2008,4021.438453
8,2008,4021.438453
8,2009,3819.175534
8,2009,3819.175534
8,2010,3260.42844
8,2010,3260.42844
8,2011,3351.448451
8,2011,3351.448451
8,2012,3314.347901
8,2012,3314.347901
80,2007,11182.34505
80,2007,11182.34505
80,2008,11649.5732
80,2008,11649.5732
80,2009,12594.41719
80,2009,12594.41719
80,2010,12998.49806
80,2010,12998.49806
80,2011,12602.47864
80,2011,12602.47864
80,2012,12347.31475
80,2012,12347.31475
81,2007,1165.761847
81,2007,1165.761847
81,2008,1215.807757
81,2008,1215.807757
81,2009,1103.050528
81,2009,1103.050528
81,2010,1199.651373
81,2010,1199.651373
81,2011,1334.169909
81,2011,1334.169909
81,2012,1347.531528
81,2012,1347.531528
82,2007,NA
82,2008,NA
82,2009,NA
82,2010,NA
82,2011,NA
82,2012,NA
83,2007,5621.982889
83,2007,5621.982889
83,2008,5748.241012
83,2008,5748.241012
83,2009,5849.925202
83,2009,5849.925202
83,2010,5836.503178
83,2010,5836.503178
83,2011,5928.284208
83,2011,5928.284208
83,2012,5919.265674
83,2012,5919.265674
84,2007,10099.40139
84,2008,9771.809804
84,2009,9680.162477
84,2010,10211.73571
84,2011,10086.06996
84,2012,9222.595535
85,2007,283.8562391
85,2008,282.8687367
85,2009,282.7889534
85,2010,272.7209039
85,2011,207.5146454
85,2012,146.8722953
86,2007,4265.489367
86,2007,4265.489367
86,2008,4015.657707
86,2008,4015.657707
86,2009,4031.722827
86,2009,4031.722827
86,2010,3979.63001
86,2010,3979.63001
86,2011,3986.517444
86,2011,3986.517444
86,2012,3920.100848
86,2012,3920.100848
87,2007,1645.599421
87,2008,1705.350044
87,2009,1690.478796
87,2010,1746.767847
87,2011,1723.848831
87,2012,1724.813985
88,2007,1615.864351
88,2007,1615.864351
88,2008,1624.42517
88,2008,1624.42517
88,2009,1632.215531
88,2009,1632.215531
88,2010,1667.945139
88,2010,1667.945139
88,2011,1032.882543
88,2011,1032.882543
88,2012,1023.775039
88,2012,1023.775039
89,2007,6025.683364
89,2007,6025.683364
89,2008,5991.344894
89,2008,5991.344894
89,2009,6092.177648
89,2009,6092.177648
89,2010,6012.404322
89,2010,6012.404322
89,2011,6016.261684
89,2011,6016.261684
89,2012,5908.3887
89,2012,5908.3887
9,2007,13478.28358
9,2007,13478.28358
9,2008,13059.04343
9,2008,13059.04343
9,2009,12341.68121
9,2009,12341.68121
9,2010,11621.83041
9,2010,11621.83041
9,2011,11496.73979
9,2011,11496.73979
9,2012,11957.33104
9,2012,11957.33104
90,2007,1237.579802
90,2007,1237.579802
90,2008,1230.303167
90,2008,1230.303167
90,2009,1221.804386
90,2009,1221.804386
90,2010,1200.877941
90,2010,1200.877941
90,2011,1152.743884
90,2011,1152.743884
90,2012,1150.166951
90,2012,1150.166951
91,2007,17368.05911
91,2007,17368.05911
91,2008,15902.63009
91,2008,15902.63009
91,2009,18372.43313
91,2009,18372.43313
91,2010,16935.00283
91,2010,16935.00283
91,2011,17353.39928
91,2011,17353.39928
91,2012,20322.86128
91,2012,20322.86128
93,2007,1890.588946
93,2007,1890.588946
93,2008,1885.681656
93,2008,1885.681656
93,2009,1857.700159
93,2009,1857.700159
93,2010,1882.909176
93,2010,1882.909176
93,2011,1872.028565
93,2011,1872.028565
93,2012,1880.240235
93,2012,1880.240235
94,2007,NA
94,2010,NA
94,2011,NA
95,2007,8129.782347
95,2007,8129.782347
95,2008,8529.913792
95,2008,8529.913792
95,2009,8186.877199
95,2009,8186.877199
95,2010,7975.883766
95,2010,7975.883766
95,2011,7960.077673
95,2011,7960.077673
95,2012,8162.310449
95,2012,8162.310449
96,2007,526.5365626
96,2008,526.4224983
96,2009,560.2839472
96,2010,572.8706515
96,2011,583.6665402
96,2012,588.7326576
97,2007,20989.30545
97,2007,20989.30545
97,2008,20825.42733
97,2008,20825.42733
97,2009,19638.87531
97,2009,19638.87531
97,2010,19189.94452
97,2010,19189.94452
97,2011,19780.66101
97,2011,19780.66101
97,2012,19450.56699
97,2012,19450.56699
98,2007,12662.45349
98,2007,12662.45349
98,2008,11131.01204
98,2008,11131.01204
98,2009,11461.69646
98,2009,11461.69646
98,2010,10937.27855
98,2010,10937.27855
98,2011,10678.07598
98,2011,10678.07598
98,2012,10106.17932
98,2012,10106.17932
99,2007,7596.046573
99,2008,7910.344164
99,2009,7981.968535
99,2010,7708.811392
99,2011,7389.384778
99,2012,6995.465976
