"AreaCode","AreaName","Year","FBS.mult","EDemand_p","EDemand_lb","EDemand_ub"
"1","Armenia","2007",0.855336176653071,637.458591871212,550.800731454683,723.537107435209
"1","Armenia","2008",0.899243865180017,617.215738651527,530.954541078224,704.999317331169
"1","Armenia","2009",0.903046202871294,652.398465431624,564.363330561878,737.52108629619
"1","Armenia","2010",0.877651835915166,661.67707001694,575.316171665706,744.794408098061
"1","Armenia","2011",0.904486569753769,630.292912226042,545.427919026023,712.983715352818
"1","Armenia","2012",0.82528761702032,628.15374494717,542.791786453843,711.151288254526
"10","Australia","2007",0.796625725588822,5963.12678478701,2777.83091857838,12986.6128447074
"10","Australia","2008",0.818477921282932,5886.99529778136,2645.27217541633,13066.6532978498
"10","Australia","2009",0.820838579466203,5861.77040666257,2692.80504061227,12664.9324680353
"10","Australia","2010",0.802413686108978,5697.24596021407,2504.3447509494,12663.2259177928
"10","Australia","2011",0.762285055425779,5617.79294051942,2545.6053975869,12115.1437813202
"10","Australia","2012",0.752003260544705,5656.28665619514,2607.45356930028,12070.6158284001
"100","India","2007",0.579468276929703,133.370327815462,98.6860952675794,211.979662935379
"100","India","2008",0.591935852979694,138.430905793322,103.133459344304,219.594502698376
"100","India","2009",0.559706428613852,130.599787287873,97.1942297349748,208.156874924085
"100","India","2010",0.566929341058803,131.745513561188,98.0077238260237,210.809563144019
"100","India","2011",0.584161002202287,133.378152557713,99.2489161868712,213.880372476649
"100","India","2012",0.575711658769274,134.258977972076,100.191224156621,216.036219359113
"101","Indonesia","2007",0.476811308465517,409.061488606342,328.85989658099,503.546569594677
"101","Indonesia","2008",0.507987008443236,410.832876613008,330.067428405402,506.871493508467
"101","Indonesia","2009",0.517405347309874,458.512366420424,367.943375214141,563.435432374585
"101","Indonesia","2010",0.531580548275123,491.714278810803,395.087923526367,603.252623864678
"101","Indonesia","2011",0.545933482668019,566.961161128999,455.01655577003,692.503144212629
"101","Indonesia","2012",0.547373607051512,618.359993031627,496.4987272271,751.02461057174
"102","Iran.(Islamic.Republic.of)","2007",0.773679067169031,1520.57458435088,1336.8297988559,1671.16200722075
"102","Iran.(Islamic.Republic.of)","2008",0.770818336421365,1622.23134918126,1422.6075551324,1784.07693959066
"102","Iran.(Islamic.Republic.of)","2009",0.765684380613822,1936.11712117485,1700.03959321688,2126.39496532277
"102","Iran.(Islamic.Republic.of)","2010",0.736320364031098,1850.2721635769,1621.79629743556,2034.15703617552
"102","Iran.(Islamic.Republic.of)","2011",0.689970301521783,1738.98447482317,1524.43783284118,1910.92551071359
"102","Iran.(Islamic.Republic.of)","2012",0.769439774053156,1981.92945869173,1736.53808242734,2177.19714204156
"103","Iraq","2007",0.933283267013114,279.195875382411,236.391082767742,316.423923430236
"103","Iraq","2008",0.905466461644405,193.174935582295,158.854955082193,231.914827471475
"103","Iraq","2009",0.750600401937753,160.111599909773,125.154976661629,214.267227956839
"103","Iraq","2010",0.883781190338694,225.588432346208,177.846879116185,295.909926939183
"103","Iraq","2011",0.923574391545611,277.210236305292,220.681187443716,356.818636456899
"103","Iraq","2012",0.86572736835503,257.988366628713,204.832353600957,333.902699670122
"104","Ireland","2007",0.477304191256305,5047.3411328292,2791.36595480944,9261.75533645593
"104","Ireland","2008",0.527108342006368,5417.6658772358,2927.13408571901,10095.2295105249
"104","Ireland","2009",0.477830320010381,4750.70175837089,2622.08587500996,8746.78359240702
"104","Ireland","2010",0.385513126051125,3637.88626569469,2139.97817139004,6394.29962147062
"104","Ireland","2011",0.411168084295344,3974.49127006527,2325.70388909718,7008.2398740583
"104","Ireland","2012",0.353317185887175,3462.34317771969,1986.07690478311,6205.56499680373
"105","Israel","2007",0.69148714716903,2619.95363080905,1931.44833595214,3244.54827656742
"105","Israel","2008",0.794910757776628,2903.92577849745,2106.25088946646,3610.18461003735
"105","Israel","2009",0.744020786061209,2654.5587213687,1941.1015688982,3303.84689567205
"105","Israel","2010",0.686961580288043,2505.53029406373,1836.22030905162,3074.80534180948
"105","Israel","2011",0.745705720724543,2616.62669887898,1937.41220084999,3201.03355858768
"105","Israel","2012",0.66058509132112,2258.80705654498,1661.79319246859,2770.37602726282
"106","Italy","2007",0.843035004118993,3586.32892856332,3062.85708807979,3984.12722010746
"106","Italy","2008",0.844898996249021,3642.10935683669,3118.21276610594,4034.35822338144
"106","Italy","2009",0.805927316394712,3434.96733393265,2956.18019951831,3795.8241847393
"106","Italy","2010",0.830489644343153,3473.48662430554,3019.95218006224,3824.46564888862
"106","Italy","2011",0.84476255380872,3637.16398043611,3171.51224389959,4000.78154666741
"106","Italy","2012",0.838717116146201,3619.13854992567,3132.18919102325,3979.17683961901
"107","Côte.d'Ivoire","2007",0.674113576049822,199.167161552193,153.828902302083,249.374510467601
"107","Côte.d'Ivoire","2008",0.765811168440436,221.823408851629,171.154884995638,277.884842423742
"107","Côte.d'Ivoire","2009",0.750065986123342,218.942227695495,168.627583902212,274.058508006786
"107","Côte.d'Ivoire","2010",0.761101179727323,281.877839080151,218.114276436432,347.899284026988
"107","Côte.d'Ivoire","2011",0.737228147274799,259.844097620819,200.580018505105,320.949962189782
"107","Côte.d'Ivoire","2012",0.834260739755712,352.1335981799,272.389500275107,431.188208698985
"108","Kazakhstan","2007",0.839502648436483,922.069632865202,646.180607143004,2205.44394712202
"108","Kazakhstan","2008",0.874198164990604,994.62673209135,697.297733430138,2339.98798964527
"108","Kazakhstan","2009",0.851629479843956,1014.93479446324,720.6830000903,2316.19696085508
"108","Kazakhstan","2010",0.859903054037919,1086.4850270967,778.110980051116,2411.4997524588
"108","Kazakhstan","2011",0.840816529308062,1006.53954765054,737.055224053208,2139.09613630452
"108","Kazakhstan","2012",0.846977699500914,961.025147356669,693.345177545954,2156.27078724095
"109","Jamaica","2007",0.456362150679192,736.978882538436,667.866659589257,797.324556514339
"109","Jamaica","2008",0.440091902833704,725.080717398704,654.235302041479,787.763620607421
"109","Jamaica","2009",0.48192320711348,780.722395942212,705.41470742802,846.56179992857
"109","Jamaica","2010",0.462019039777894,654.497784657832,590.230503312887,711.521670102852
"109","Jamaica","2011",0.467696828943316,639.22864491083,575.968923591004,695.296933042982
"109","Jamaica","2012",0.45930357233601,643.630885606914,579.745044093428,700.093815070145
"11","Austria","2007",0.867935793811642,4431.94915559933,3580.61513870704,5457.00892758119
"11","Austria","2008",0.916509472420821,4800.25690377689,3874.95004756428,5913.21107059045
"11","Austria","2009",0.922018960233207,4672.91951163816,3748.40223684406,5787.67146603023
"11","Austria","2010",0.928252182736448,4794.82004040499,3852.77100877223,5929.58844414078
"11","Austria","2011",0.932017460892674,4815.94531027111,3885.97882277042,5936.91216689858
"11","Austria","2012",0.904357915701558,4293.38142265284,3415.65775554404,5359.31754777551
"110","Japan","2007",0.60933382095963,1134.3461491987,847.121271275732,1442.82072335497
"110","Japan","2008",0.601512102312016,1114.78293561355,828.780745633499,1421.27924743904
"110","Japan","2009",0.593951632066124,1104.47443020668,824.921332385734,1403.85389603261
"110","Japan","2010",0.591064342843281,1091.15218379538,822.532710443878,1379.9284436753
"110","Japan","2011",0.59022810217925,922.155038270253,663.774948650867,1206.55412085546
"110","Japan","2012",0.580217758493958,915.31009838841,655.61046551673,1203.2728397596
"112","Jordan","2007",0.856231746505467,989.622399235854,845.375696614752,1119.76514661265
"112","Jordan","2008",0.769988425404115,911.94423840039,778.674545482893,1032.96273402995
"112","Jordan","2009",0.74592724542129,835.996801880899,715.276607741845,946.612244775916
"112","Jordan","2010",0.739443807528186,870.87588329093,750.799312980511,977.608829985368
"112","Jordan","2011",0.734619432379313,865.907066918427,743.626003994117,974.728337102157
"112","Jordan","2012",0.737028948216662,740.840316535417,631.994154972469,840.174879618706
"113","Kyrgyzstan","2007",0.814743560380154,408.193518405397,272.614994664353,703.290505974753
"113","Kyrgyzstan","2008",0.814063426496267,425.188857926456,282.49368680649,729.575394726986
"113","Kyrgyzstan","2009",0.861924283068466,438.442377627341,289.05332033963,744.366187124303
"113","Kyrgyzstan","2010",0.838061003473559,435.963903366955,286.481088338142,739.061697121771
"113","Kyrgyzstan","2011",0.82638433883432,435.476850955678,287.727206201659,729.914782084617
"113","Kyrgyzstan","2012",0.829883487798898,411.564321840504,267.803247403341,698.416017305709
"114","Kenya","2007",0.715188408339945,310.963976732168,194.981150855056,519.976891865658
"114","Kenya","2008",0.770924287005625,325.423369038761,204.582661960735,545.732813062419
"114","Kenya","2009",0.795968032223048,317.226322328265,201.660190644648,521.73779312301
"114","Kenya","2010",0.777227239821228,308.043292788025,194.166718165129,513.624741556344
"114","Kenya","2011",0.726191069189568,284.176822616167,180.600394041635,471.676321420102
"114","Kenya","2012",0.672080629822411,247.82788342041,157.056392358059,415.742069151336
"115","Cambodia","2007",0.689518172033947,550.071355276573,452.041779119913,667.22364125197
"115","Cambodia","2008",0.749763645692098,581.385669224555,476.576091555341,706.916908479888
"115","Cambodia","2009",0.771637340397266,609.57354606982,500.181868841938,738.532784010014
"115","Cambodia","2010",0.75895290396096,569.747888226508,467.69191017288,691.349250087718
"115","Cambodia","2011",0.823346077520963,609.181691845587,502.299479642972,735.74732502864
"115","Cambodia","2012",0.798734930895579,560.783238374092,464.354917658711,678.490519080928
"116","Democratic.People's.Republic.of.Korea","2007",0.721602833271387,390.020714787532,375.683773385321,414.459558044951
"116","Democratic.People's.Republic.of.Korea","2008",0.588548468395648,303.77807919944,291.536775383993,324.142929424061
"116","Democratic.People's.Republic.of.Korea","2009",0.606229553390575,307.507077613943,294.290206446637,328.987490133878
"116","Democratic.People's.Republic.of.Korea","2010",0.555948805609153,294.859993261285,281.952647647009,315.241107830429
"116","Democratic.People's.Republic.of.Korea","2011",0.547222533765014,296.459968539538,283.081360947876,317.159024727462
"116","Democratic.People's.Republic.of.Korea","2012",0.601988356598764,350.931472815397,334.953825336218,375.007294978345
"117","Republic.of.Korea","2007",0.530018125277578,1094.34597481083,763.629925979524,1416.68741077159
"117","Republic.of.Korea","2008",0.507454554521522,1055.19607887033,717.767197270388,1379.90004832945
"117","Republic.of.Korea","2009",0.562477206413385,1297.8068886642,875.876095807846,1694.89407127243
"117","Republic.of.Korea","2010",0.534947529073284,1251.84408112314,854.361957076855,1608.63211699958
"117","Republic.of.Korea","2011",0.544700542919533,1218.00718265866,812.043516829274,1592.00149883502
"117","Republic.of.Korea","2012",0.505532754389967,1190.42772118509,792.976642250167,1545.09189497032
"118","Kuwait","2007",0.725485164637208,1792.9570719523,1710.41417754747,1874.07803357158
"118","Kuwait","2008",0.747399266541928,1969.84482078538,1862.57392699575,2074.07354245483
"118","Kuwait","2009",0.809804894377086,2388.30619772462,2245.70691290228,2524.77942675251
"118","Kuwait","2010",0.734406217610871,1594.19828000173,1484.77739308305,1698.76971595531
"118","Kuwait","2011",0.769696498454072,1683.3861314339,1560.68450539374,1799.63906164044
"118","Kuwait","2012",0.700990471985572,1503.6380957311,1386.73939786554,1613.62362836591
"119","Latvia","2007",0.814010210535037,2339.23879301194,2033.72354956625,2712.44723138705
"119","Latvia","2008",0.706407860084831,2118.18373870115,1845.20072640857,2451.84994257847
"119","Latvia","2009",0.695781160292109,2053.44080840041,1800.15877442652,2360.78845203137
"119","Latvia","2010",0.695040958079686,2058.39690562903,1801.15231004316,2371.84940858657
"119","Latvia","2011",0.764071363012917,2304.30107986788,2022.8022620717,2645.74978568934
"119","Latvia","2012",0.809961260940155,2348.94943814155,2050.35370001428,2712.22173228992
"120","Lao.People's.Democratic.Republic","2007",0.747625739596342,895.703877334891,731.432304686497,1103.40532181715
"120","Lao.People's.Democratic.Republic","2008",0.809216422278675,1003.88502144619,822.267662995209,1229.76161839039
"120","Lao.People's.Democratic.Republic","2009",0.812559974831354,1057.32168262662,870.010496988812,1285.63244499457
"120","Lao.People's.Democratic.Republic","2010",0.810602406617643,1114.22407422636,918.77617347523,1348.63541485542
"120","Lao.People's.Democratic.Republic","2011",0.806184135579231,1124.83379483366,925.646694416394,1364.29847865098
"120","Lao.People's.Democratic.Republic","2012",0.81943805882012,1199.5545114138,988.705166718969,1445.96885680892
"121","Lebanon","2007",0.738002747796269,1842.96963356946,1412.15520485356,2107.00357259767
"121","Lebanon","2008",0.744141254737953,1965.79654919084,1508.24676414823,2248.07455871047
"121","Lebanon","2009",0.732734705399498,2054.30712849904,1566.90895794838,2344.97226182587
"121","Lebanon","2010",0.717182799486557,2147.30887418047,1628.74764854333,2446.42699021191
"121","Lebanon","2011",0.628890358527177,2203.03802114716,1661.49122018209,2508.04541324248
"121","Lebanon","2012",0.682882549683048,2503.45120416144,1876.25647877862,2844.6020797843
"122","Lesotho","2007",1,387.0458272,310.0181143,476.6128944
"122","Lesotho","2008",0.910860913852001,204.719010894114,157.856770714061,266.056541865329
"122","Lesotho","2009",0.938798278391982,215.001015418358,165.234310880847,279.497766955245
"122","Lesotho","2011",0.999998571772811,211.34441435173,159.963450135525,281.689037783483
"122","Lesotho","2012",0.999874466138332,212.117778892956,159.547059626909,283.620898203327
"123","Liberia","2007",0.784203797783113,248.754126510317,208.821594975227,297.61773442341
"123","Liberia","2008",0.897486000531687,297.197270105227,250.208292832263,353.464650072685
"123","Liberia","2009",0.813361463161456,279.615871676657,235.835876909839,330.982086695642
"123","Liberia","2010",0.738731604390668,264.986154358419,223.610419651747,312.540256507018
"123","Liberia","2011",0.928441997353314,342.283494434352,288.933128086248,402.698896889122
"123","Liberia","2012",0.912052041034982,334.855839022685,282.747477644978,393.812843228639
"124","Libyan.Arab.Jamahiriya","2007",0.758779394241316,975.314309574972,951.326757082269,1024.2535272465
"124","Libyan.Arab.Jamahiriya","2008",0.743729776840566,902.245955591241,875.217523642232,952.919335403907
"124","Libyan.Arab.Jamahiriya","2009",0.877671590668424,1091.02247902212,1054.54997595373,1155.12528441948
"124","Libyan.Arab.Jamahiriya","2010",0.926937914001041,1171.28049448275,1127.94309274277,1241.81030493706
"124","Libyan.Arab.Jamahiriya","2011",0.817686162871831,1054.98229578627,1013.11738732409,1120.03416804946
"124","Libyan.Arab.Jamahiriya","2012",0.776401543592024,1008.38500957235,965.583243257012,1072.41532779415
"126","Lithuania","2007",0.81620135207888,3374.98008582525,2626.36007755489,4397.7053785951
"126","Lithuania","2008",0.763859768299995,2982.01481748821,2319.24492694093,3888.8645428529
"126","Lithuania","2009",0.821901196943129,3326.90342803633,2472.47069214309,4513.70766397179
"126","Lithuania","2010",0.766033208385168,3139.97101896172,2364.98449104027,4212.02042053466
"126","Lithuania","2011",0.795610864256698,3321.03408795901,2483.27333781034,4482.74386487315
"126","Lithuania","2012",0.771526824592538,3111.15437048956,2262.98131910581,4292.34284210877
"128","China..Macao.SAR","2007",0.00114606727403408,0.298677524038714,0.190624324705947,0.348759231673731
"128","China..Macao.SAR","2008",0.000697898775197816,0.154338011487778,0.0986716473625662,0.180047560054245
"128","China..Macao.SAR","2009",0.00126301066821584,0.271845854737448,0.17374782864093,0.317124118934042
"128","China..Macao.SAR","2010",0,0,0,0
"128","China..Macao.SAR","2011",0,0,0,0
"128","China..Macao.SAR","2012",0,0,0,0
"129","Madagascar","2007",0.677618226636772,398.787916570978,309.375305444901,492.700196915008
"129","Madagascar","2008",0.685539705947635,400.560181852544,310.653155205476,494.672638731939
"129","Madagascar","2009",0.641196422420409,372.928178103303,290.63331338836,458.937456952772
"129","Madagascar","2010",0.625978303174997,362.496145851097,282.622735399313,445.388498485333
"129","Madagascar","2011",0.683228710841363,392.252265087996,305.359692263576,482.000388756589
"129","Madagascar","2012",0.725121840630565,411.600017772142,320.462465126802,505.11391128882
"13","Bahrain","2007",0.000641563718782514,0.0819518469592053,0.045629008233568,0.108339521371438
"13","Bahrain","2008",0.000341792808570069,0.0468132439935446,0.0261378486171493,0.059117622750483
"13","Bahrain","2009",0.000150917978073404,0.0201232952597698,0.0113563469892835,0.0254571340171956
"13","Bahrain","2010",0.000339242399812479,0.0442349137232429,0.0247606176758561,0.0583862718848243
"13","Bahrain","2011",0.000376882282575395,0.048442646011972,0.027296612154562,0.0636862004803722
"13","Bahrain","2012",0.000590330569502356,0.0756291030740343,0.0426975937317705,0.0993034031668079
"130","Malawi","2007",0.804031809047605,171.736181274239,134.904521302802,205.797595799028
"130","Malawi","2008",0.804316149688295,182.029313803364,142.601190899726,219.368561149316
"130","Malawi","2009",0.806681762876542,192.679623904687,152.214035339966,231.649521064432
"130","Malawi","2010",0.820981957531177,183.225625252598,144.537951933336,220.93772554753
"130","Malawi","2011",0.817894308643027,200.021667532345,157.965648917127,241.533025218081
"130","Malawi","2012",0.775722095521133,196.602605455238,153.867018058907,239.155577242891
"131","Malaysia","2007",0.840656309276805,2738.79001871055,2229.92920660958,2977.61940854258
"131","Malaysia","2008",0.848958022775042,2842.07198022907,2311.05355227319,3087.00867544621
"131","Malaysia","2009",0.846356287522664,2808.46775392173,2284.03038441307,3048.84242977122
"131","Malaysia","2010",0.830497871349595,2835.85043089328,2305.07393941535,3075.61562810873
"131","Malaysia","2011",0.851301878155252,3014.21555880457,2442.27759113406,3266.61244598465
"131","Malaysia","2012",0.841880086777746,2991.89224988933,2422.65849186736,3240.46474311078
"133","Mali","2007",0.647116503685335,248.625058891879,183.59395900832,338.919065244565
"133","Mali","2008",0.655392245664097,284.189421969872,212.464506228038,378.933853824965
"133","Mali","2009",0.70270931288194,300.71297316689,224.829173307124,400.329804076279
"133","Mali","2010",0.705217829369122,309.210858194619,231.989622733295,408.900531795332
"133","Mali","2011",0.669467696459931,286.905544118885,215.024955611305,379.764448377316
"133","Mali","2012",0.661167600983316,271.374496275019,202.660234593393,360.262018570144
"134","Malta","2007",0.425085883765301,749.334376033187,180.671688803663,1070.21337275784
"134","Malta","2008",0.6358957498253,1162.01266141543,300.746128879856,1624.23137174391
"134","Malta","2009",0.42631162631187,702.752708916344,177.573312959198,989.478059868367
"134","Malta","2010",0.50963402638525,816.478229349545,220.635860317051,1164.36062412183
"134","Malta","2011",0.295420005752385,383.54067826436,94.8157824834141,569.853433380121
"134","Malta","2012",0.341060124114867,450.184095251988,124.744094778871,663.997753872234
"136","Mauritania","2007",0.685183421940475,232.076012172171,176.262447191175,429.340573757439
"136","Mauritania","2008",0.936941629768285,306.398671723681,229.002833543746,587.74522893896
"136","Mauritania","2009",0.911232859259634,302.832367827517,222.115996101355,581.992118002295
"136","Mauritania","2010",0.932402382652749,308.205461944614,225.518985828849,592.326565775914
"136","Mauritania","2011",0.915555756396762,298.067892951989,218.143397836213,571.945918850893
"136","Mauritania","2012",0.702887040690316,229.181711182412,167.743593512926,435.928876793848
"138","Mexico","2007",0.731025805866978,1961.87770842672,1769.93690678717,2247.28600609076
"138","Mexico","2008",0.716516503868401,1915.80971103273,1728.59356064082,2192.92158687202
"138","Mexico","2009",0.706034480426603,1880.16179305797,1695.85131614002,2151.42932992577
"138","Mexico","2010",0.713486049334121,1904.39792877436,1718.24509905855,2177.69461033694
"138","Mexico","2011",0.70194692917515,1875.60148438571,1694.09903742712,2141.36810876789
"138","Mexico","2012",0.711261999978148,1881.39441109642,1699.06843886145,2150.97290005008
"141","Mongolia","2007",0.687165995950217,1162.59752497535,662.901317426258,5288.56407323702
"141","Mongolia","2008",0.563749491437086,998.300800758633,563.101790851882,4510.33067072347
"141","Mongolia","2009",0.720529790492804,1289.03690484977,734.629723398721,5505.4563288711
"141","Mongolia","2010",0.698591673410329,921.305848144806,513.980186044763,4738.25404357467
"141","Mongolia","2011",0.871665701600067,1278.89025918383,714.847568606108,6302.53258827551
"141","Mongolia","2012",0.85671434705345,1460.7793675801,788.813441283185,6988.68274378191
"143","Morocco","2007",0.604048292539943,710.506164101201,616.265505711462,796.528609560067
"143","Morocco","2008",0.619572654852175,812.645068321408,709.20086099344,905.484629197131
"143","Morocco","2009",0.678285290314516,927.227587146982,811.847267555549,1029.54101532605
"143","Morocco","2010",0.589986656787925,845.279255598556,740.04158218695,938.326899051405
"143","Morocco","2011",0.648511713528883,964.40688529771,845.046871211832,1068.19795351414
"143","Morocco","2012",0.562521041258659,817.823928310362,716.09342230201,907.308950335422
"144","Mozambique","2007",0.513295900950121,280.002172615021,211.8684796337,381.915489204221
"144","Mozambique","2008",0.54664867013923,210.927341057381,159.479881661378,298.691858627146
"144","Mozambique","2009",0.529387022384751,237.703376595702,182.440329009383,324.225304808587
"144","Mozambique","2010",0.723665692530708,361.088125302399,279.305451729771,485.691999767876
"144","Mozambique","2011",0.732361967643478,349.107659451433,270.21206183327,476.5123246138
"144","Mozambique","2012",0.655362500740725,314.400454270481,243.253283739785,428.937204317136
"146","Republic.of.Moldova","2007",0.955515367704248,2447.15112019414,958.360273295313,3638.23762896467
"146","Republic.of.Moldova","2008",0.833328811495695,1603.25424286634,731.963147279571,2415.53911855137
"146","Republic.of.Moldova","2009",0.913599065686908,1823.89390666976,795.55920089669,2744.6827220103
"146","Republic.of.Moldova","2010",0.835514393511685,2031.3827285266,950.7959165085,2938.20793964772
"146","Republic.of.Moldova","2011",1,3332.018506,1661.227779,4488.729337
"146","Republic.of.Moldova","2012",0.92907611073912,2556.36619240908,1203.79119763272,3546.34511986997
"147","Namibia","2007",0.757793674791938,382.599708586891,210.973687919162,915.347958120641
"147","Namibia","2008",0.533136777259443,259.246889082616,146.601832281241,592.847220901913
"147","Namibia","2009",0.463956967710588,223.996066181362,126.933723221986,510.945378787036
"147","Namibia","2010",0.556165372511093,268.840729088195,154.672585490798,603.052526615329
"147","Namibia","2011",0.647780756816578,314.647473205442,182.443259404561,699.968443925966
"147","Namibia","2012",0.490732014674293,239.180833243419,138.119944410953,527.474986866809
"149","Nepal","2007",0.892588227506973,256.067834531629,202.779811162679,317.820668996013
"149","Nepal","2008",0.890962582983889,260.924101625967,207.421472870961,322.790418620801
"149","Nepal","2009",0.875793402636578,256.248143915483,203.703117217272,317.086720092754
"149","Nepal","2010",0.860958404300744,256.152974669109,203.755397712682,316.555263400989
"149","Nepal","2011",0.86590998908632,317.864834516784,254.628128015445,387.411060222533
"149","Nepal","2012",0.908770007832151,360.484453069587,289.826410284525,436.983961139609
"150","Netherlands","2007",0.778593909190797,6714.09812810476,5124.80538151042,8131.11274815851
"150","Netherlands","2008",0.769179643352419,6701.07526868374,5130.44511388396,8084.2568935928
"150","Netherlands","2009",0.768008228328206,6913.26211683458,5309.3059672902,8311.03812229095
"150","Netherlands","2010",0.773899375976312,6997.78320388371,5396.87808915001,8379.46598787768
"150","Netherlands","2011",0.767958778468499,6925.08787853997,5355.85390678384,8296.87263612023
"150","Netherlands","2012",0.64247378371911,5760.31972790991,4413.38303890113,6923.75168377379
"154","The.former.Yugoslav.Republic.of.Macedonia","2007",0.849945007256429,1744.84820414914,1507.94976299107,1953.38923392515
"154","The.former.Yugoslav.Republic.of.Macedonia","2008",0.857183865412943,1722.75767506378,1485.49327417043,1931.98086073167
"154","The.former.Yugoslav.Republic.of.Macedonia","2009",0.840523460347396,1591.76178322752,1365.77363531817,1789.8893496322
"154","The.former.Yugoslav.Republic.of.Macedonia","2010",0.861698969692146,1605.60708101282,1370.47341154276,1815.09854175471
"154","The.former.Yugoslav.Republic.of.Macedonia","2011",0.865541147537787,1601.46652670813,1367.500675302,1809.27629935499
"154","The.former.Yugoslav.Republic.of.Macedonia","2012",0.878999682216717,1451.40769282701,1206.95726062876,1675.81912185892
"156","New.Zealand","2007",0.727340345140513,6372.74588166856,4424.49421810558,9212.21410200288
"156","New.Zealand","2008",0.556497420073234,4744.21405894483,3277.40508472619,6890.83809115109
"156","New.Zealand","2009",0.639688906868255,5214.95776689585,3491.27044933508,7756.11511627309
"156","New.Zealand","2010",0.489620202016882,4010.61793247843,2689.64512009935,5957.30065973742
"156","New.Zealand","2011",0.419802809577553,3442.51451615806,2301.55237923074,5129.70257080582
"156","New.Zealand","2012",0.452424838809745,3886.53950675999,2567.21936610274,5851.14806903816
"157","Nicaragua","2007",0.748324661849508,1439.65737916887,1062.30641515856,1964.31909031406
"157","Nicaragua","2008",0.694254766787494,1339.08904271396,995.815110683699,1812.5470425132
"157","Nicaragua","2009",0.686606516710329,1352.82971554839,1002.81770525141,1838.0043273132
"157","Nicaragua","2010",0.695936246862532,1383.32303732933,1024.84276000458,1879.4830839954
"157","Nicaragua","2011",0.742907861441243,1496.65521438414,1113.56271898028,2023.2345819164
"157","Nicaragua","2012",0.721809436951813,1462.7288299954,1099.99011861323,1957.22912191045
"158","Niger","2007",0.680987899201746,109.999260933653,89.0073731766025,144.356935438374
"158","Niger","2008",0.66540386690842,108.245549198694,86.6972884348066,142.58312507149
"158","Niger","2009",0.658317616110976,130.370657403316,109.297687934417,162.126488100699
"158","Niger","2010",0.623637512536582,122.391123643835,101.9152464782,152.690491572858
"158","Niger","2011",0.612950205071518,115.967470785525,96.2713582673758,144.944772455823
"158","Niger","2012",0.669495874736538,124.557640225371,103.275164741327,155.290079171341
"159","Nigeria","2007",0.782915614379135,265.823648349856,208.940534751359,310.607784783302
"159","Nigeria","2008",0.779101571268103,270.768051490264,212.552043593239,315.845196529775
"159","Nigeria","2009",0.788515885646048,279.493890438286,219.087146089408,325.45341069518
"159","Nigeria","2010",0.777440008188359,281.579987681843,220.40940677763,327.382076895884
"159","Nigeria","2011",0.814247043102745,303.314306588449,235.712100245193,356.796826274839
"159","Nigeria","2012",0.81073224211599,296.858128814438,230.049607064246,349.458078987858
"16","Bangladesh","2007",0.882361988181765,268.101372094168,215.409416834723,393.09184131886
"16","Bangladesh","2008",0.914193880380521,286.909069561677,232.101067281723,416.301182812332
"16","Bangladesh","2009",0.907732330082119,298.753830031506,243.445992538692,427.887137892262
"16","Bangladesh","2010",0.89064701412882,305.006039067768,250.284384412226,431.946795749325
"16","Bangladesh","2011",0.909177442292236,327.898112419176,271.369011122794,458.434079955791
"16","Bangladesh","2012",0.812940774067501,305.997320486186,254.951175186924,422.646190937721
"162","Norway","2007",0.8132230801975,3271.97332685949,2428.99674648136,4828.73400709917
"162","Norway","2008",0.803325103048232,3146.79430619281,2331.59315329796,4657.78431239749
"162","Norway","2009",0.844653072619779,3631.99323656607,2790.74867864485,5194.57307857881
"162","Norway","2010",0.803011815234199,3654.01670345916,2873.95438532681,5105.44247085082
"162","Norway","2011",0.795493127132041,3765.49729126236,3023.48018966691,5149.83965300263
"162","Norway","2012",0.75199835875537,4008.3447097599,3315.1480858531,5299.93950738415
"165","Pakistan","2007",0.626295812689962,315.731505464005,243.228108039488,406.378149082645
"165","Pakistan","2008",0.62918904284634,333.480869228672,256.31898357551,430.891926468734
"165","Pakistan","2009",0.6184971013413,344.490877264032,263.983637132689,446.989241748009
"165","Pakistan","2010",0.626107355674979,366.757745130591,280.450576085418,477.799553360872
"165","Pakistan","2011",0.624071273021237,385.421850453047,294.040611873105,504.129722919715
"165","Pakistan","2012",0.633868725316165,412.522006862168,313.846096482901,541.850844366458
"166","Panama","2007",0.645385200039061,1493.94638988525,1191.59371433396,1876.47499390329
"166","Panama","2008",0.689184638373134,1695.07818547117,1353.78142041533,2128.49650302833
"166","Panama","2009",0.625176752568428,1462.4822034186,1158.83435608787,1855.05149786524
"166","Panama","2010",0.663805340085639,1583.50285340159,1250.40002197629,2017.80238541515
"166","Panama","2011",0.64473107263669,1627.89558750313,1283.18875204332,2080.15369460389
"166","Panama","2012",0.6465855132853,1693.45097773217,1345.31070407804,2145.3593570551
"167","Czech.Republic","2007",0.764923235614808,3021.59097329794,2313.63275743531,3682.28939685879
"167","Czech.Republic","2008",0.796204090224599,2923.03248336219,2211.24800273049,3594.25061560502
"167","Czech.Republic","2009",0.742185419110429,2544.60264006735,1910.21504485344,3145.58262820507
"167","Czech.Republic","2010",0.725947694953095,2423.04021205616,1813.89850811047,3004.99580422251
"167","Czech.Republic","2011",0.724692563546668,2296.43346195468,1687.77062832034,2877.59785293317
"167","Czech.Republic","2012",0.690161831086502,2088.59569030943,1516.87823938418,2634.55672062675
"168","Papua.New.Guinea","2007",0.0335873195994833,19.4983806077003,18.3180414564168,21.8002066781852
"168","Papua.New.Guinea","2008",0.0356433697388426,20.4168958501113,19.0828960341278,22.9076096809738
"168","Papua.New.Guinea","2009",0.0342315001265149,19.5884207980448,18.2360439536967,22.0205745610396
"168","Papua.New.Guinea","2010",0.0350012885329034,19.8851742922313,18.4478427664946,22.3908161931078
"168","Papua.New.Guinea","2011",0.0350215275734375,20.0413891631078,18.5446632194895,22.587428683501
"168","Papua.New.Guinea","2012",0.0349490894460282,20.1093708111143,18.5607861639131,22.6688038811884
"169","Paraguay","2007",0.721131685844607,2717.39252891643,2061.85091114902,3629.85986820739
"169","Paraguay","2008",0.819513013448212,3041.97624549305,2268.0850363518,4133.63495320993
"169","Paraguay","2009",0.877528206090282,3536.92290991358,2625.56306141184,4808.49760143085
"169","Paraguay","2010",0.573186602397456,2423.35787093065,1809.78093059905,3277.86622893138
"169","Paraguay","2011",0.549733152849954,2362.21789603921,1771.17834326753,3183.35308769279
"169","Paraguay","2012",0.582346289526307,2409.25652335498,1792.65554948513,3267.44319971288
"170","Peru","2007",0.734147457894537,1266.24906992216,1080.43751562351,1490.99036351708
"170","Peru","2008",0.746774826988878,1393.7827632278,1198.87891919226,1625.80698045175
"170","Peru","2009",0.74706565995098,1443.60600677851,1243.93250700703,1679.22378113012
"170","Peru","2010",0.744483085369026,1381.31348553798,1187.87374267452,1612.42416185909
"170","Peru","2011",0.73894162539501,1360.18071156755,1172.47736317605,1584.80810324574
"170","Peru","2012",0.752599901402829,1418.61650085703,1231.4788649435,1637.58139243011
"171","Philippines","2007",0.396786056228499,384.856604447885,341.238807444064,425.233253995903
"171","Philippines","2008",0.408138157153379,393.432697651726,348.661565181521,434.926374889766
"171","Philippines","2009",0.39328702775054,382.913630821454,339.675232403649,422.647373299167
"171","Philippines","2010",0.403640562656154,385.83061022883,342.377532737987,425.791538958944
"171","Philippines","2011",0.396588020785597,362.760841865082,321.863249433719,400.644834660739
"171","Philippines","2012",0.400162553134827,357.397025658172,317.090552773159,394.751007028705
"173","Poland","2007",0.841251718840687,4546.24845232126,3630.17275943441,5437.54669355672
"173","Poland","2008",0.826572110964965,4037.4501849457,3155.49652417879,4888.29607295237
"173","Poland","2009",0.79639100703738,3947.05161926373,3090.66919919647,4777.57413864792
"173","Poland","2010",0.772896469619352,3837.41789502471,3010.11864494305,4646.48740570216
"173","Poland","2011",0.755251931476424,3675.00662592827,2887.42838693101,4445.16347541944
"173","Poland","2012",0.760610912182401,3532.79619540447,2722.22229035607,4319.75525221282
"174","Portugal","2007",0.858474709288225,3427.51466549845,3057.66040850804,3755.83456738972
"174","Portugal","2008",0.848438849919603,3437.25287840908,3061.34013387074,3770.90308259724
"174","Portugal","2009",0.859849503996798,3428.67581133158,3067.51704791855,3749.22326099965
"174","Portugal","2010",0.844670623320124,3387.96591587376,3039.80717442107,3699.34510862695
"174","Portugal","2011",0.799130446036702,3206.28712703129,2870.31025113106,3504.60316264028
"174","Portugal","2012",0.825149875833668,3347.6801524133,3004.78156066231,3652.07526482215
"175","Guinea-Bissau","2007",0.520876759889518,250.972554249178,230.847463150184,279.896643157288
"175","Guinea-Bissau","2008",0.578421115894045,306.220247510862,280.164395334425,342.947594863556
"175","Guinea-Bissau","2009",0.658746081555621,383.061261500499,349.388533099646,429.605977068047
"175","Guinea-Bissau","2010",0.631969154580686,404.101359667347,367.804343987528,453.422205498524
"175","Guinea-Bissau","2011",0.628028678082512,445.89579887304,405.834520923617,498.658829660876
"175","Guinea-Bissau","2012",0.631878536009648,439.15616556103,398.213084377798,492.313704393328
"178","Eritrea","2007",0.770043290134669,63.1637619181241,42.7288203930013,93.2936048486121
"178","Eritrea","2008",0.918531936666671,63.211456269475,41.1354658669775,93.6095955557438
"178","Eritrea","2009",0.888829902057157,67.6036944330036,43.5268948932588,101.783743474741
"178","Eritrea","2010",0.87823459986899,66.219154083318,42.7816923866261,99.2399292721254
"178","Eritrea","2011",0.873942280313307,64.9716345864854,42.0240208411072,97.0950713286615
"178","Eritrea","2012",0.882843688481723,64.7063406974986,41.9693215747448,96.3258920162669
"179","Qatar","2007",0.0241100169849966,18.5273710549827,17.6506904483078,19.3948043032191
"179","Qatar","2008",0.00907879661820916,6.74997014470828,6.35658856820992,7.13683145748648
"179","Qatar","2009",0.020789164982344,15.6199848809887,14.5893416432127,16.6245545226728
"179","Qatar","2010",0.00937600417337046,6.75702757067297,6.25943526679835,7.23928604041353
"179","Qatar","2011",0.025854988748228,18.8601174508156,17.3580609066301,20.3060656030158
"179","Qatar","2012",0.00890610673604255,6.41636664015495,5.86677504792095,6.94308310118726
"18","Bhutan","2007",0.564210173776384,148.129067061159,78.5793347087224,354.841908399533
"18","Bhutan","2008",0.482116451694495,110.714605785975,58.3392201693451,280.926005635783
"18","Bhutan","2009",0.542792489364261,121.67788749231,62.9290335598603,320.472759867498
"18","Bhutan","2010",0.505929428326863,116.135784370096,61.3760003909992,296.793450357649
"18","Bhutan","2011",0.565999602774061,130.220825315318,71.0062177039058,328.783722241075
"18","Bhutan","2012",0.714354213721507,193.946518963055,115.445790955692,443.646512341856
"181","Zimbabwe","2007",0.630335073143353,392.812480980054,311.586250411709,480.26704112313
"181","Zimbabwe","2008",0.629387679522312,391.046337595667,293.851779917679,491.927500060093
"181","Zimbabwe","2009",0.693481437415638,439.647517516649,339.169524157804,544.662698269958
"181","Zimbabwe","2010",0.722626152347906,459.562039922985,357.324453182466,566.632186022301
"181","Zimbabwe","2011",0.675294238788026,431.693651961011,336.49907975089,531.043442520301
"181","Zimbabwe","2012",0.649668993468713,414.332397354316,324.63860886428,507.949212061413
"183","Romania","2007",0.860285351439433,3174.51946235431,2713.3051413981,3589.09118054174
"183","Romania","2008",0.863202362548382,3143.76080456285,2693.80178297522,3542.56796647639
"183","Romania","2009",0.848604821938388,3062.58575378398,2621.73779843837,3455.66238831921
"183","Romania","2010",0.818276170067557,2776.14617558918,2401.3528491555,3108.03935184665
"183","Romania","2011",0.887918127909084,2824.0423044827,2451.52775867362,3152.61114413679
"183","Romania","2012",0.835767686968194,2640.77827040497,2302.53423002299,2941.55377643329
"184","Rwanda","2007",0.640207803495664,66.8309541290467,38.4586018785553,150.135626302213
"184","Rwanda","2008",0.776042238995966,86.43690555847,50.3903420564029,193.585147905564
"184","Rwanda","2009",0.822671827138766,116.834174392919,72.4655343064627,242.132588044485
"184","Rwanda","2010",0.860169884596941,128.515255719095,79.0352608470108,276.513951207208
"184","Rwanda","2011",0.913660245306351,138.477740204148,91.3322913355378,259.509677083715
"184","Rwanda","2012",0.940767220781088,163.929940194122,110.335978529765,292.651278331419
"185","Russian.Federation","2007",0.851364094450932,2270.29107303676,1854.27608631732,2692.40130223218
"185","Russian.Federation","2008",0.830957524107129,2268.96976949507,1855.26628420803,2688.01614380869
"185","Russian.Federation","2009",0.844212385944178,2323.87689913188,1900.97193941501,2754.1143153354
"185","Russian.Federation","2010",0.82580327328142,2354.88361931688,1937.88239380941,2780.85400070409
"185","Russian.Federation","2011",0.796385496854491,2295.85587520841,1886.96911260892,2715.98802708971
"185","Russian.Federation","2012",0.822682954655471,2445.60465712605,2019.40916107321,2881.61789195925
"19","Bolivia.(Plurinational.State.of)","2007",0.65487833679352,2458.93748547537,1819.39673397238,3283.88218278904
"19","Bolivia.(Plurinational.State.of)","2008",0.750943413558516,3003.67088762792,2233.48410228563,3972.08373650761
"19","Bolivia.(Plurinational.State.of)","2009",0.716572143952351,2871.92934143851,2165.00691984555,3710.44781023846
"19","Bolivia.(Plurinational.State.of)","2010",0.750615238248505,4766.69795054861,3615.70881296721,6047.97365615251
"19","Bolivia.(Plurinational.State.of)","2011",0.76654352384669,4814.59821328655,3653.80985160684,6107.32096478578
"19","Bolivia.(Plurinational.State.of)","2012",0.761759890428536,4804.60441740875,3657.63049706969,6076.43374703503
"194","Saudi.Arabia","2007",0.883452167545134,1172.34345935966,805.164837449031,1452.1804663548
"194","Saudi.Arabia","2008",0.866772341099008,1142.06176587374,775.617685594554,1420.09564757824
"194","Saudi.Arabia","2009",0.889388552023951,1164.14496138795,783.321068179609,1448.94868738693
"194","Saudi.Arabia","2010",0.859039827172649,1207.5070050673,780.631070375861,1539.40840567429
"194","Saudi.Arabia","2011",0.848117982764947,1349.55550088411,881.879977918782,1684.27876736494
"194","Saudi.Arabia","2012",0.871350956765523,1401.58609187564,909.006049406623,1752.96950802738
"195","Senegal","2007",0.752381006151218,404.031988500589,317.684170585777,491.299802937341
"195","Senegal","2008",0.680591503472545,381.425270541482,303.567299735255,461.143880036613
"195","Senegal","2009",0.632288906908115,343.185876804488,274.46538649209,414.60421634999
"195","Senegal","2010",0.628937128930846,378.35954937861,304.00453801343,454.740568936214
"195","Senegal","2011",0.686218506622865,456.09640494052,362.206054894762,550.748744848318
"195","Senegal","2012",0.686579932344541,447.823134992803,357.379361532724,539.458356081596
"196","Seychelles","2007",0.0220779878088578,25.9957340312756,17.015411224916,32.4450733024807
"196","Seychelles","2008",0.0196452319425071,21.5023629047255,14.0818815505629,26.7505473866381
"196","Seychelles","2009",0.0247205454701367,21.4824393331405,13.905217373186,27.076842552669
"196","Seychelles","2010",0.0161057837457667,15.0823323698451,9.97578382320491,18.876663851137
"196","Seychelles","2011",0.0114612308544277,12.0032642893717,7.84074356359776,15.0752774332272
"196","Seychelles","2012",0.00978940851365373,11.3031457016926,7.4615897718975,14.1526252734635
"197","Sierra.Leone","2007",0.898467665513426,162.784167146482,131.871193590046,201.357011690996
"197","Sierra.Leone","2008",0.915191099540148,205.164592498302,166.724895910821,250.005580052765
"197","Sierra.Leone","2009",0.929053057830797,266.717569843441,218.208145103323,319.302961522023
"197","Sierra.Leone","2010",0.926889089388291,289.284931274479,236.948833638231,344.714144466146
"197","Sierra.Leone","2011",0.931113058484735,315.426782549291,258.899965675115,373.752036660803
"197","Sierra.Leone","2012",0.929521850580397,328.231184241405,269.831160223098,387.611832804881
"198","Slovenia","2007",0.766094173026005,4045.4289648369,2783.616771265,4964.90463417949
"198","Slovenia","2008",0.766853665115403,4068.67401066478,2765.15838116849,4981.19163682837
"198","Slovenia","2009",0.73661744050255,3676.25094480148,2441.20403351109,4527.61190276977
"198","Slovenia","2010",0.507180845035351,2546.30113123456,1705.02490512407,3142.87136572921
"198","Slovenia","2011",0.858133027926284,4095.83196276558,2682.51814214546,5064.50813584482
"198","Slovenia","2012",0.929725855705595,4240.14268685558,2800.80752644032,5270.43645749939
"199","Slovakia","2007",0.745455028021933,2192.59779204231,1809.8281266215,2548.721432123
"199","Slovakia","2008",0.84098670437008,2324.21670041019,1914.8636737135,2706.29997464766
"199","Slovakia","2009",0.766657758760618,1834.06617938965,1496.90802614508,2151.86877412923
"199","Slovakia","2010",0.753198032225804,1898.20215712033,1573.51496012834,2206.50156432118
"199","Slovakia","2011",0.810024121461436,1897.89452772271,1569.30517205043,2210.98397219785
"199","Slovakia","2012",0.881632558206003,1954.67287250408,1596.80142908109,2298.04584117676
"2","Afghanistan","2007",0.886277239209259,174.825597016067,117.947213421927,254.963782844912
"2","Afghanistan","2008",0.882054184871791,195.440719925378,131.343549262004,282.177993710157
"2","Afghanistan","2009",0.939745244230428,221.905711500048,154.58266856033,314.756191036696
"2","Afghanistan","2010",0.927513806600356,244.147053155095,171.426835813712,339.255465661966
"2","Afghanistan","2011",0.86624215953017,226.425080458935,157.442652102691,316.36970162091
"2","Afghanistan","2012",0.831321705280717,208.02685167776,146.554031879143,288.783086316798
"20","Botswana","2007",0.332639810601497,139.9959320102,101.675233197821,229.172608922819
"20","Botswana","2008",0.676635147692663,283.717690939824,203.9568573824,471.797320482541
"20","Botswana","2009",0.393085860807482,161.183356343674,113.25152930236,274.119215647689
"20","Botswana","2010",0.23357358947157,100.131826504983,70.5607099644052,165.630024465401
"20","Botswana","2011",0.590605159774275,257.407674513337,182.864400567645,423.906410415055
"20","Botswana","2012",0.597258159147835,262.477907433255,187.524634604328,430.156479118506
"200","Singapore","2007",5.56631509665905e-05,0.0268287636743676,0.00308326513843078,0.0288237445255896
"200","Singapore","2008",7.46277367845895e-05,0.0327888579758412,0.00378856645443558,0.0352872868931768
"200","Singapore","2009",0.000137806063744076,0.0623967295947869,0.00711744239282186,0.0670868655693665
"200","Singapore","2010",0.000128153986165241,0.0605423341871644,0.00699249005930653,0.0650401415038223
"200","Singapore","2011",0.0002278249704243,0.107953754732808,0.0122087729271337,0.11588035816028
"200","Singapore","2012",0.0279384142082671,13.4497517588455,1.4792830431869,14.4369334082676
"201","Somalia","2007",0.87261241156481,164.997210588372,141.59774864512,226.992303439068
"201","Somalia","2008",0.789681487243171,145.61520470515,124.267729187908,200.799492177148
"201","Somalia","2009",0.874171849002975,156.691962149639,132.882003193763,217.231144745004
"201","Somalia","2010",0.773356205253683,137.081826832511,115.851848409021,189.91968971953
"201","Somalia","2011",0.850369342391169,147.354944988796,123.755530714269,205.002920343904
"201","Somalia","2012",0.824679344087142,141.603798936063,118.66429571998,196.652384564466
"202","South.Africa","2007",0.720872497792078,789.354248266397,702.496706530041,885.093052208358
"202","South.Africa","2008",0.736857062675032,923.593074269383,826.517408579091,1026.95424123285
"202","South.Africa","2009",0.743270104353351,957.90308633326,858.351276864043,1062.65854541173
"202","South.Africa","2010",0.725388698113973,946.270232751944,850.889058536445,1047.61058030381
"202","South.Africa","2011",0.712977756839174,937.34620300285,844.258393984636,1035.32384804715
"202","South.Africa","2012",0.740260654128814,975.152388458798,877.936516573403,1077.20437209371
"203","Spain","2007",0.865737705408767,5001.43893705993,4653.95565586788,5279.15298016833
"203","Spain","2008",0.887992236536134,5188.46917577592,4806.21792736199,5498.2271213702
"203","Spain","2009",0.887151979554294,4926.13258314423,4573.55988935058,5210.89310158275
"203","Spain","2010",0.900079427475458,4956.51560683459,4603.18615309014,5240.64837542014
"203","Spain","2011",0.911052101781442,5024.45663420216,4672.3591934964,5306.98149369437
"203","Spain","2012",0.904036473200813,4811.98192591267,4468.87645553166,5087.89774489039
"205","Western.Sahara","2010",0.163463253214972,2.27925620050013,1.44324070138296,3.57527348062249
"206","Sudan.(former)","2007",0.752205296469837,299.408792502769,220.34339105786,406.289532203107
"206","Sudan.(former)","2008",0.76494641444753,301.104144633443,221.647852276926,408.177252717889
"206","Sudan.(former)","2009",0.750183025436822,290.948977020623,214.493595666532,393.889721774768
"206","Sudan.(former)","2010",0.871538288201929,333.6928804614,246.36107132122,451.163121050707
"206","Sudan.(former)","2011",NA,NA,NA,NA
"207","Suriname","2007",0.702691900532548,1903.15349723504,1542.92891253715,2296.23097522433
"207","Suriname","2008",0.675262584875633,1644.57975395403,1329.68218122678,1993.28326622242
"207","Suriname","2009",0.589079204242145,1640.46122919436,1323.78798447748,1997.36242532697
"207","Suriname","2010",0.52067602696718,1664.7223445482,1347.40852841817,2015.66646072642
"207","Suriname","2011",0.703196379071056,2009.18650224592,1620.42181670651,2447.62001403009
"207","Suriname","2012",0.70665016580268,2208.4316705397,1781.09732724227,2681.16841136037
"208","Tajikistan","2007",0.985026669167845,162.52172626692,108.473448370848,237.774773545884
"208","Tajikistan","2008",0.963968910615915,192.136246976037,129.909749813687,277.406754576302
"208","Tajikistan","2009",0.98039751819162,210.025224998897,143.181498579918,301.545685480873
"208","Tajikistan","2010",0.977811516190069,220.040547204326,151.048543975094,314.218659730725
"208","Tajikistan","2011",0.976600721922056,230.67027673599,159.012919984592,328.920055015757
"208","Tajikistan","2012",0.972317291451023,246.090018666898,169.60303694213,352.68824236584
"209","Swaziland","2007",0.928126020167451,595.037601610388,424.941773931309,815.059237347936
"209","Swaziland","2008",0.971557454210022,608.162486684001,434.490558469325,833.149651805129
"209","Swaziland","2009",0.965385642208702,606.526303068378,431.873897686243,834.796124398291
"209","Swaziland","2010",0.977247194643948,650.419365380185,461.881942305966,898.609477518932
"209","Swaziland","2011",0.985135563670881,664.387861476133,471.085129398826,918.630713248718
"209","Swaziland","2012",0.712052622818867,483.683652057582,342.272146081871,670.199309574618
"21","Brazil","2007",0.713397692647937,2983.47455627662,2390.90609878881,3779.79632330307
"21","Brazil","2008",0.711213563824904,3173.39008972851,2557.68382716375,3995.28093103315
"21","Brazil","2009",0.755892301983169,3405.27456856762,2733.5093857495,4308.56270602822
"21","Brazil","2010",0.717825412334792,3473.9772797641,2797.32108864837,4381.6925930457
"21","Brazil","2011",0.696996503130562,3404.66011936965,2743.06544868617,4291.85488786115
"21","Brazil","2012",0.732856071705438,3564.30120693084,2866.55683978283,4501.36301261945
"210","Sweden","2007",0.874388486030451,2324.10678020353,1438.84112262715,3629.83489686689
"210","Sweden","2008",0.817770502350258,2166.61988524026,1319.88753925595,3397.41841342878
"210","Sweden","2009",0.874659162871771,2335.2746549426,1388.16549862977,3700.90198961769
"210","Sweden","2010",0.871000650709995,2290.13563858797,1392.64942414905,3595.04264688014
"210","Sweden","2011",0.855634245888305,2230.24918170598,1367.21001950785,3487.41867684444
"210","Sweden","2012",0.89326119098247,2227.45416668191,1371.55629943628,3484.58332345103
"211","Switzerland","2007",0.579814184328607,1618.48831961549,1174.28898480332,2210.12212045819
"211","Switzerland","2008",0.555977260041779,1547.89823838261,1110.76888801295,2130.60812324856
"211","Switzerland","2009",0.514119381172325,1437.1575874672,1035.38262748899,1972.69002030057
"211","Switzerland","2010",0.612607646681393,1709.02813687574,1236.20589785613,2338.93731948729
"211","Switzerland","2011",0.640220054413035,1775.90315277712,1289.09568549352,2424.72417692828
"211","Switzerland","2012",0.595657341490135,1632.37598057189,1184.11931146175,2230.04263748498
"212","Syrian.Arab.Republic","2007",0.705498082995553,420.522531340693,407.401514317587,438.444938183193
"212","Syrian.Arab.Republic","2008",0.682342981994633,341.80703023185,329.438816449398,358.688159646922
"212","Syrian.Arab.Republic","2009",0.680741622012491,343.825114556623,331.089531875591,360.765550080785
"212","Syrian.Arab.Republic","2010",0.689839949777731,345.859849673896,332.763914753404,363.225816828389
"212","Syrian.Arab.Republic","2011",0.647899298013021,332.37949255935,318.376189240752,350.32821422287
"212","Syrian.Arab.Republic","2012",0.717058969040508,342.934367627927,327.263119365856,362.872844140407
"213","Turkmenistan","2007",0.999496296871159,1043.58997655379,793.080687656871,1878.66230103246
"213","Turkmenistan","2008",0.999674029162805,1210.07554604028,940.72876466541,2022.41814569776
"213","Turkmenistan","2009",0.999301657161683,1167.27314250382,899.631904161072,1983.3208202019
"213","Turkmenistan","2010",0.997244987545922,1168.73589074392,899.922596571887,1970.73347635392
"213","Turkmenistan","2011",0.995740600813034,1176.29551164625,908.250781351133,1973.68427211478
"213","Turkmenistan","2012",0.997394172643605,1188.48938352453,916.692636137401,1982.33557583393
"215","United.Republic.of.Tanzania","2007",0.601275546281696,147.095931130944,101.811184985028,218.662789464421
"215","United.Republic.of.Tanzania","2008",0.549834342085761,133.755690240481,92.2537857928656,200.179934537232
"215","United.Republic.of.Tanzania","2009",0.56398781662286,135.968396258024,93.3695864691973,204.914381309524
"215","United.Republic.of.Tanzania","2010",0.635550980864005,153.080154394555,104.712074439659,232.092870424685
"215","United.Republic.of.Tanzania","2011",0.653809502873407,163.170405855667,107.939644569537,259.925021680749
"215","United.Republic.of.Tanzania","2012",0.661851712310238,168.389389280151,110.99293151575,269.291209374574
"216","Thailand","2007",0.586716794294035,1259.56744407767,1117.45883504399,1395.96669966502
"216","Thailand","2008",0.617528773772199,1185.98126872368,1043.07588953314,1331.70064564002
"216","Thailand","2009",0.628468778481264,1153.31306752708,1014.45832591964,1294.81933462265
"216","Thailand","2010",0.594756152159411,1128.51249502186,997.681689662122,1255.3386894474
"216","Thailand","2011",0.638486509584858,1250.63714583102,1111.32974249836,1377.22657149602
"216","Thailand","2012",0.634038510040965,1266.51923247949,1127.64180664203,1387.77516331587
"217","Togo","2007",0.84009302243799,401.720347430054,338.624035339208,457.789622718001
"217","Togo","2008",0.837494244083132,389.69669639136,328.901243037867,443.234601923161
"217","Togo","2009",0.830090244737774,437.880185645417,366.379757362149,501.950586882075
"217","Togo","2010",0.816963063305216,448.464263508767,374.907096298886,514.239907130324
"217","Togo","2011",0.792207111388069,446.601943297215,373.215050555236,512.439574819207
"217","Togo","2012",0.839545450626435,541.149552376673,455.553383899011,617.119079409227
"221","Oman","2007",0.00683292419079767,2.19309661373598,2.1118604180719,2.2781407338221
"221","Oman","2008",0.00342132461996697,1.10937629003988,1.05965795511175,1.16053125730896
"221","Oman","2009",0.0108168935398086,3.46138122479052,3.28807104623231,3.63717865282955
"221","Oman","2010",0.00696675289689261,2.16492215090836,2.0441297397801,2.28653558202204
"221","Oman","2011",0.0170626580288946,5.11358662476402,4.8065550938297,5.4200371704862
"221","Oman","2012",0.00866846063328284,2.44535364976401,2.28825825835285,2.60095423101926
"222","Tunisia","2007",0.732052500868605,1356.99059226315,1139.3091553064,1546.39158783746
"222","Tunisia","2008",0.722651647873995,1376.8158798907,1156.32718033733,1568.60991587423
"222","Tunisia","2009",0.782673973306545,1502.22626587769,1262.51633238958,1707.04541387811
"222","Tunisia","2010",0.898689691317315,1852.61194158903,1557.53063510947,2108.15533488687
"222","Tunisia","2011",0.94955140063994,1889.864069711,1587.32480692444,2151.08849633708
"222","Tunisia","2012",0.852322318332545,1831.23561551826,1538.54194183819,2081.30093222857
"223","Turkey","2007",0.694210229937865,1299.40903939827,1241.39785997646,1412.72244414053
"223","Turkey","2008",0.690731222861449,1046.05271847433,992.906915339251,1154.89440633546
"223","Turkey","2009",0.706989796822428,1001.54992608496,949.490241745024,1107.90667921622
"223","Turkey","2010",0.673070995527338,855.003551567005,801.827083531257,968.464816672034
"223","Turkey","2011",0.679149933897123,876.031315491157,815.709716179316,1011.59737713562
"223","Turkey","2012",0.674773766240112,895.393704347086,824.44697637963,1067.07511229618
"225","United.Arab.Emirates","2007",0.53706442048627,231.571183814222,167.863289509577,279.618911258951
"225","United.Arab.Emirates","2008",0.713638271974594,330.255775372466,243.174564353373,398.243083031692
"225","United.Arab.Emirates","2009",0.17299122489512,79.0052806067549,58.3658470808338,95.4094748408492
"225","United.Arab.Emirates","2010",0.183223095971131,81.8657582264188,61.1233011100663,98.7081646718466
"225","United.Arab.Emirates","2011",0.0914293789864658,40.5427703032381,30.2485586747239,48.9424878041834
"225","United.Arab.Emirates","2012",0.194861170061516,84.2137802148143,62.7788206170472,101.661401655117
"226","Uganda","2007",0.746866704367575,276.527742867319,176.55608089594,476.2357634674
"226","Uganda","2008",0.730830669744758,314.007718429547,174.426512715555,698.057449961091
"226","Uganda","2009",0.72987205244215,329.165937589986,185.425033676833,726.370783657303
"226","Uganda","2010",0.719543836595836,336.692557654089,191.110872429197,742.711179462285
"226","Uganda","2011",0.686817962606067,317.352009868471,177.171515685739,715.806069394824
"226","Uganda","2012",0.72302552655427,343.482403791551,193.848274186034,771.667919131228
"229","United.Kingdom","2007",0.726599628104993,1857.36905976442,1522.68848501656,2275.89370435223
"229","United.Kingdom","2008",0.762786215491315,1931.81573069759,1598.46432597658,2348.00873829158
"229","United.Kingdom","2009",0.738714579939291,1867.63381669002,1536.49247320067,2281.75224382587
"229","United.Kingdom","2010",0.663540027142925,1662.52992482214,1361.26318271323,2039.86158789568
"229","United.Kingdom","2011",0.711692368490344,1763.2173326514,1444.38560448243,2162.79282676579
"229","United.Kingdom","2012",0.729750478679056,1779.02896339667,1456.18135818837,2183.6749908338
"23","Belize","2007",0.77338602025093,1826.19990377656,1562.70219238335,2164.9306420459
"23","Belize","2008",0.540222804826971,1255.58775158602,1054.04124064408,1536.05836926476
"23","Belize","2009",0.620525606425095,1538.25246646322,1283.17112647852,1909.92441228118
"23","Belize","2010",0.677432609644391,1743.49103020049,1467.45188244396,2141.0861714792
"23","Belize","2011",0.645938554724448,1574.86603482304,1317.77160791588,1946.91429845854
"23","Belize","2012",0.733282503653618,1833.36182795033,1539.01531319662,2254.13596379365
"230","Ukraine","2007",0.856020554759521,2649.42468114275,2236.84460398485,3056.6630128427
"230","Ukraine","2008",0.789313147794563,2350.65109224952,2023.8329287633,2675.16964476362
"230","Ukraine","2009",0.834968540918576,2489.59967916725,2165.11479261332,2811.83699406285
"230","Ukraine","2010",0.809786279752713,2530.19916819767,2229.35407133519,2824.88364750138
"230","Ukraine","2011",0.801649023402872,2624.5524454568,2336.84175651396,2904.43449858951
"230","Ukraine","2012",0.836484630344481,2687.25100874723,2388.37753301153,2979.7623797949
"231","United.States.of.America","2007",0.770765936216587,6152.28279775336,5245.86705440898,7137.10260253913
"231","United.States.of.America","2008",0.760866904565176,6097.05135158146,5220.86269136836,7046.00534169152
"231","United.States.of.America","2009",0.747609307051178,5700.21599549583,4850.01734473847,6626.74886168385
"231","United.States.of.America","2010",0.742807537312012,5639.95476570777,4806.90421664258,6548.7001571554
"231","United.States.of.America","2011",0.734815033313931,5528.25171310191,4713.86837213406,6421.55343987115
"231","United.States.of.America","2012",0.746511859482662,5597.55300852338,4755.58775394404,6528.51739429954
"233","Burkina.Faso","2007",0.595503580370774,299.787042593369,211.203928248002,465.755128494647
"233","Burkina.Faso","2008",0.592566772061364,315.830205348548,226.860595299531,483.844429059563
"233","Burkina.Faso","2009",0.591569463483957,314.410846932628,223.308054442707,486.526742167062
"233","Burkina.Faso","2010",0.599332596996283,325.405802038649,232.806265793712,502.419425995857
"233","Burkina.Faso","2011",0.602188912858159,323.571246845907,229.182238371737,505.29837069113
"233","Burkina.Faso","2012",0.594701164927152,327.281231797656,235.274453887518,507.607813929183
"234","Uruguay","2007",0.812107827394171,4934.16589212779,3254.99189667284,7414.16024452613
"234","Uruguay","2008",0.530734120096231,3320.41683932969,2195.7320731368,4979.79558012418
"234","Uruguay","2009",0.547948534608654,3072.52104392058,2055.36444707337,4556.18819511046
"234","Uruguay","2010",0.78120576365727,4538.25870140461,3055.61523685319,6685.15566774492
"234","Uruguay","2011",0.558642257788487,3265.60961030341,2208.35814366265,4786.79185649262
"234","Uruguay","2012",0.573267820840933,3279.96087966801,2219.31072552898,4801.57058703489
"235","Uzbekistan","2007",0.609192207941697,331.285969446443,246.695781949095,448.465068702118
"235","Uzbekistan","2008",0.608310748341356,354.298460119473,265.141754982968,476.519808385325
"235","Uzbekistan","2009",0.63171582595515,408.608161003472,309.202098749432,542.61400808292
"235","Uzbekistan","2010",0.629672515922867,458.743404846441,351.157364710791,601.992184598205
"235","Uzbekistan","2011",0.629966028717928,500.941578013978,383.850019862903,657.091444904188
"235","Uzbekistan","2012",0.633852061313834,553.948700889511,428.953926358979,719.384985793089
"236","Venezuela.(Bolivarian.Republic.of)","2007",0.663038262874041,1361.74084005342,1073.39832666774,1712.47909561925
"236","Venezuela.(Bolivarian.Republic.of)","2008",0.710613592478603,1561.40490004368,1239.03959742766,1946.21371139479
"236","Venezuela.(Bolivarian.Republic.of)","2009",0.685769232616413,1503.28599926385,1196.19961081284,1866.13361235391
"236","Venezuela.(Bolivarian.Republic.of)","2010",0.627067224784584,1259.89809595227,1006.75710348892,1553.76175954436
"236","Venezuela.(Bolivarian.Republic.of)","2011",0.650219575326974,1392.14858128938,1112.6555805966,1713.42451113162
"236","Venezuela.(Bolivarian.Republic.of)","2012",0.639183856456163,1432.5364103762,1147.35274371123,1755.12569542155
"237","Viet.Nam","2007",0.506180183061048,815.331036822816,704.626494436123,925.278421731001
"237","Viet.Nam","2008",0.508138255354551,864.022726146393,752.101869861966,971.838720667161
"237","Viet.Nam","2009",0.549595142207065,990.88402752886,865.803138731364,1108.70197585205
"237","Viet.Nam","2010",0.511679082292264,934.630920482641,818.77019529101,1041.39450992202
"237","Viet.Nam","2011",0.510587522953385,978.700525917585,860.592384607839,1084.62714362931
"237","Viet.Nam","2012",0.501828607428383,928.950258045378,818.009591139027,1027.64903888542
"238","Ethiopia","2007",0.876550251962964,182.058029629639,76.2073789025128,561.90847393141
"238","Ethiopia","2008",0.907607799979286,189.331838965456,76.774792248807,603.665548364415
"238","Ethiopia","2009",0.935985273320445,204.84361651121,83.330439482422,661.187389298054
"238","Ethiopia","2010",0.939795660711425,220.036744371508,91.0579389352325,714.633711852501
"238","Ethiopia","2011",0.913411546763223,199.773034425995,82.0056549531974,648.719904669726
"238","Ethiopia","2012",0.913167232386029,206.144390637218,86.2855269188926,669.576024603755
"249","Yemen","2007",0.667688194279222,285.195716357471,271.183457676354,308.472989954567
"249","Yemen","2008",0.752298310975153,328.212002359182,309.554245779841,357.320950604688
"249","Yemen","2009",0.951078378561168,420.026622608658,394.050807500992,458.831517701296
"249","Yemen","2010",0.958434962097555,425.568104716522,397.143385960127,466.220931211189
"249","Yemen","2011",0.913443936937247,401.630471380912,373.12980247098,441.136162946914
"249","Yemen","2012",0.92408544796487,411.307020426422,380.649751781524,452.45458238958
"250","Democratic.Republic.of.the.Congo","2007",0.414738488101463,25.3020813249445,19.0687686332423,35.2091416300786
"250","Democratic.Republic.of.the.Congo","2008",0.413146629772462,24.6107654380192,18.5761952501139,34.1988158618528
"250","Democratic.Republic.of.the.Congo","2009",0.418426657551137,24.3898891410196,18.4379620579545,33.8305897506254
"250","Democratic.Republic.of.the.Congo","2010",0.409193412248928,23.7186924895398,17.8712884013852,33.2639537846248
"250","Democratic.Republic.of.the.Congo","2011",0.408802297709621,23.0882558730967,17.333495866309,32.4654959245552
"250","Democratic.Republic.of.the.Congo","2012",0.42181777566075,24.173832839714,18.1800122326816,33.6090784711235
"251","Zambia","2007",0.654881088375109,320.990460753627,265.83444581806,384.298442550003
"251","Zambia","2008",0.6505917199001,335.946389071474,277.353375579515,405.057197181452
"251","Zambia","2009",0.620418742226562,330.757309855096,273.188950021172,395.744560510933
"251","Zambia","2010",0.633130856718058,346.404086751636,287.17590565186,412.155771140972
"251","Zambia","2011",0.598785092992973,326.896628278229,271.722542922317,387.960173993946
"251","Zambia","2012",0.603177006779122,325.226461997336,270.820910227996,385.084341661951
"256","Luxembourg","2007",0.494041869460178,2283.53543079074,1022.04284261996,4016.32602574242
"256","Luxembourg","2008",0.540100315779738,2557.36245030702,1117.38531281329,4519.45067596305
"256","Luxembourg","2009",0.476717359403328,2241.64502797533,985.931058129475,3953.00141118942
"256","Luxembourg","2010",0.323565177023957,1381.45952561238,619.221152988246,2417.24044021711
"256","Luxembourg","2011",0.391091829368638,1676.66497403949,770.003761528047,2918.48383565001
"256","Luxembourg","2012",0.348238354487849,1466.72887298337,680.445384993579,2547.70203508845
"26","Brunei.Darussalam","2007",0.222588382724329,1472.71230636256,475.286434207164,2182.02441733254
"26","Brunei.Darussalam","2008",0.356958018143248,2359.85932604942,756.909947942626,3488.2335348391
"26","Brunei.Darussalam","2009",0.379351589497699,2463.20517379583,784.326009056588,3626.36703513911
"26","Brunei.Darussalam","2010",0.448594953790399,3003.54581905165,963.741583835588,4441.91369381316
"26","Brunei.Darussalam","2011",0.477267187333205,3072.87951661509,980.892020648503,4529.09182144573
"26","Brunei.Darussalam","2012",0.578169127212307,4346.68794405075,1391.59434952937,6389.84962146379
"27","Bulgaria","2007",0.774291892341207,1697.70994786774,1476.129973701,1895.20228585413
"27","Bulgaria","2008",0.77752879318965,1609.49335376667,1389.57130953611,1803.03632325104
"27","Bulgaria","2009",0.695395678951701,1362.59265005688,1174.47947652294,1529.19084872692
"27","Bulgaria","2010",0.715340759589366,1356.17138602075,1168.43758741384,1522.68395432639
"27","Bulgaria","2011",0.794239828978619,1419.74407027523,1214.54331735524,1603.82676608619
"27","Bulgaria","2012",0.6965409737943,1198.14971320836,1021.97157916541,1355.64505459965
"272","Serbia","2007",0.984764901820982,1892.15260755782,918.695706646945,3335.49154345302
"272","Serbia","2008",0.990878441556011,1976.87150955121,954.345786703879,3523.09662123089
"272","Serbia","2009",0.997469018645111,2144.04489303619,1074.77718463602,3657.90092348271
"272","Serbia","2010",1,2373.044534,1207.964098,3883.912837
"272","Serbia","2011",0.99884107145029,1973.75103452484,1004.9357010148,3369.01993338195
"272","Serbia","2012",0.999971410805632,2090.38369390567,1067.56682225203,3472.63928920198
"273","Montenegro","2007",0.542419336936265,498.544988342023,142.78154548112,1414.05513596777
"273","Montenegro","2008",0.647779111391244,519.058530057878,143.83542368145,1513.60258651183
"273","Montenegro","2009",0.667776127783681,516.612927466789,151.704138445966,1507.50713533653
"273","Montenegro","2010",0.539184461388986,433.87052174386,135.996600815741,1210.92943969952
"273","Montenegro","2011",0.600715548328057,514.326805173406,173.629690220505,1488.94492542624
"273","Montenegro","2012",0.653260087464277,570.548066721339,209.929514180309,1514.50289983787
"28","Myanmar","2007",0.714299982227429,803.013429967941,702.552599219607,1214.58949465577
"28","Myanmar","2008",0.709697126482183,882.60444493212,776.183213982309,1312.27034947023
"28","Myanmar","2009",0.711098714965525,1058.87494786349,942.130910812549,1517.28055818326
"28","Myanmar","2010",0.719145389428854,1156.6580603992,1028.89811580276,1652.23053885512
"28","Myanmar","2011",0.722780427642536,1265.94999996731,1127.01851077531,1799.84857327265
"28","Myanmar","2012",0.728201255740931,1371.52898026237,1217.33803704701,1964.01126746959
"29","Burundi","2007",0.692104761273614,88.6203868063487,59.5887129152247,127.141355044459
"29","Burundi","2008",0.709163976014098,78.3898045832471,51.7281375446616,115.018744462854
"29","Burundi","2009",0.72406002999898,83.7580403916133,52.6427890571352,132.469313802178
"29","Burundi","2010",0.736636420485669,81.4731642194239,49.6559161297942,135.558681860511
"29","Burundi","2011",0.727009204072017,70.8140959425724,41.048316966303,127.943525757381
"29","Burundi","2012",0.196766157317276,24.7864534061984,14.8326733504279,43.2119768615467
"299","Occupied.Palestinian.Territory","2007",0.421595307573604,263.037329397422,122.969277663101,426.929920795265
"299","Occupied.Palestinian.Territory","2008",0.445089324233867,276.180840354555,129.328775963768,442.388862485205
"299","Occupied.Palestinian.Territory","2009",0.393918863333955,250.958316375903,121.470295569275,388.454961948737
"299","Occupied.Palestinian.Territory","2010",0.499800307472348,304.090289358625,145.479539381635,483.399735132913
"299","Occupied.Palestinian.Territory","2011",0.482659278973186,308.322353606366,151.385469534794,499.160491356516
"299","Occupied.Palestinian.Territory","2012",0.370991829123174,186.33050423564,90.5524256697858,315.399367196349
"3","Albania","2007",0.879597437720076,2521.14475466645,1893.63994875413,3082.77911471512
"3","Albania","2008",0.902830965831009,2643.00472532213,2103.09224340815,3153.27219542633
"3","Albania","2009",0.875567265105798,2546.12611896021,2070.16911252909,3009.05321353354
"3","Albania","2010",0.853205751346809,2506.00308870045,2036.12275907947,2963.81862997269
"3","Albania","2011",0.860439171373614,2573.27440666869,2090.984109796,3043.40311001853
"3","Albania","2012",0.851385197412898,2527.59737426468,2046.59935334575,2996.06888133832
"32","Cameroon","2007",0.692005314769108,269.401881137564,191.043234998905,462.656495032797
"32","Cameroon","2008",0.710102568277816,272.932528268898,199.333488072372,419.989187829914
"32","Cameroon","2009",0.72368409378886,274.82242869472,201.45511939144,415.877190835918
"32","Cameroon","2010",0.72236649783301,284.376365376069,211.873823248177,399.644097477371
"32","Cameroon","2011",0.71140884262428,286.583252649204,209.52672826057,428.965025551308
"32","Cameroon","2012",0.722567625509397,269.617261835027,196.014285058393,412.218159608792
"33","Canada","2007",0.822067239222694,7429.81481489745,6166.02455257562,8696.80406967399
"33","Canada","2008",0.776634813977601,6718.60136257074,5574.44230389924,7867.43668235801
"33","Canada","2009",0.780779265620094,6464.77810782674,5400.05776090329,7542.34826615051
"33","Canada","2010",0.774742118584692,6221.51011931403,5226.6431737434,7228.64004261796
"33","Canada","2011",0.802360752143873,6269.61833234807,5319.02687606568,7241.45692718862
"33","Canada","2012",0.79419715769671,6532.9861667976,5491.10088469707,7595.94642192582
"35","Cape.Verde","2007",0.540627249202065,262.022323879391,146.513101303914,711.091184245922
"35","Cape.Verde","2008",0.629478061953187,328.492142189529,182.317765430702,925.727486692186
"35","Cape.Verde","2009",0.326396420773301,175.021742777835,96.8633092567283,494.170342109617
"35","Cape.Verde","2010",0.529675733343274,295.217340336305,163.523235560574,826.811345355655
"35","Cape.Verde","2011",0.372112072558015,214.339886317505,119.061325358058,591.489170156302
"35","Cape.Verde","2012",0.438328870621164,257.612258894085,143.156906782132,710.60986960493
"351","China","2007",0.744279856974901,4295.66845830641,3319.24537422288,5136.43081286488
"351","China","2008",0.724752136858826,4118.0840526774,3213.00616968557,4910.2966387346
"351","China","2009",0.722259599197791,4094.51545280888,3209.92321765456,4878.32176614153
"351","China","2010",0.706553745841697,4038.74690461303,3168.38773371383,4805.47403179957
"351","China","2011",0.725880322763167,4126.57232462466,3247.02659671521,4908.54456509459
"351","China","2012",0.727043509798097,4162.62896242253,3287.60829359463,4938.89212584612
"37","Central.African.Republic","2007",0.675654891361854,402.068034326536,271.995199105579,659.591614077145
"37","Central.African.Republic","2008",0.661140885709349,431.272283204541,301.838567301733,672.143862735946
"37","Central.African.Republic","2009",0.689754411244214,463.529966928409,324.461538167753,724.369777068016
"37","Central.African.Republic","2010",0.668128023812118,464.256477498353,323.457639077014,732.543523380498
"37","Central.African.Republic","2011",0.671212375646911,465.87114607509,317.458946576093,766.527065473066
"37","Central.African.Republic","2012",0.678249344547328,470.949910017636,319.786278221849,780.292309767634
"38","Sri.Lanka","2007",0.235498889041221,52.7042500773183,46.6860220621742,59.5864268440606
"38","Sri.Lanka","2008",0.303654021965759,69.6073483627915,61.6695898216009,78.6569011244665
"38","Sri.Lanka","2009",0.272300879491908,60.9258749428214,53.9521550123187,69.0084593316937
"38","Sri.Lanka","2010",0.333757493257799,75.5369439122646,66.7497182889635,85.699530797458
"38","Sri.Lanka","2011",0.279561398960975,64.4548675690082,57.0423375840046,72.962370641857
"38","Sri.Lanka","2012",0.277444389212796,64.0023502602469,56.0952810524631,73.3654069770164
"39","Chad","2007",0.999995258669822,133.309123134435,77.202334936504,249.855439747246
"39","Chad","2008",1,132.324507,76.76870034,246.6563638
"39","Chad","2009",0.999832542562678,131.586314102493,76.4811635753008,243.823595687063
"39","Chad","2010",0.99999970343611,132.302732763775,76.9927791367151,242.995702036228
"39","Chad","2011",0.999975832421283,131.729413242095,76.9466897398752,240.062390833055
"39","Chad","2012",0.999989942700507,131.122066852841,76.8971649544037,236.677135943221
"4","Algeria","2007",0.784041075371348,516.979350343711,439.035572138912,613.70327799079
"4","Algeria","2008",0.754203036139361,485.006613963761,411.08804572251,577.364875506921
"4","Algeria","2009",0.789393507065162,510.471263780206,433.906760891385,606.017617351379
"4","Algeria","2010",0.756543579464712,529.368363996724,451.081086792063,624.105269929143
"4","Algeria","2011",0.760347867126215,532.239832607283,453.739744761529,626.358735576817
"4","Algeria","2012",0.785318109770839,561.513935805333,477.384573435734,662.578218225286
"40","Chile","2007",0.640360317039212,3932.69639477573,3698.12318049066,4314.72865470844
"40","Chile","2008",0.597184441808668,3612.96497298549,3400.34265455318,3954.7520605332
"40","Chile","2009",0.61693663111377,3684.00205007829,3472.2225147977,4021.97741873573
"40","Chile","2010",0.600049389336604,3702.18983835007,3491.99738986487,4039.39493609221
"40","Chile","2011",0.585928528005434,3837.41639468017,3628.46954494721,4171.92849201549
"40","Chile","2012",0.572775994590336,3770.67352955395,3563.06307082396,4099.59425984297
"44","Colombia","2007",0.683135365703188,1218.58842467487,944.535859836118,1578.7381101814
"44","Colombia","2008",0.692653784286767,1255.98511805405,976.392233897251,1621.65129728207
"44","Colombia","2009",0.704991484330717,1259.13273163795,983.333206925592,1618.99103897508
"44","Colombia","2010",0.683831486735558,1212.16259420062,949.406945763989,1551.85651778063
"44","Colombia","2011",0.673236988866429,1150.78925636624,909.193486607396,1461.02158830603
"44","Colombia","2012",0.698305645430197,1152.60471364064,910.421464834019,1465.38100273468
"46","Congo","2007",0.73383380940726,108.578663778196,80.3162218449328,213.642196023238
"46","Congo","2008",0.762428171299049,113.884409899769,84.1030629663592,220.035762459349
"46","Congo","2009",0.712634069492723,106.084882116286,78.6209297707767,204.696820061583
"46","Congo","2010",0.745059715044579,112.892504592737,83.5232934857624,215.361400030567
"46","Congo","2011",0.849142108604682,130.83767860211,97.1993937350273,245.893572114739
"46","Congo","2012",0.824101081908731,126.817471576513,94.4110059446615,236.308140028343
"48","Costa.Rica","2007",0.652997043589898,1713.90044440501,1391.24231510989,2082.57480781603
"48","Costa.Rica","2008",0.635267790759304,1631.51953981206,1310.70561330221,2007.83218273362
"48","Costa.Rica","2009",0.794370760973904,2033.67833130416,1628.3198233711,2513.33793342191
"48","Costa.Rica","2010",0.631902005503275,1643.28989536785,1307.84724209065,2043.48424287307
"48","Costa.Rica","2011",0.644666760506139,1613.84960882573,1278.99536118743,2016.36545262972
"48","Costa.Rica","2012",0.604107125161342,1509.73582348269,1204.19412159294,1870.95531530846
"49","Cuba","2007",0.611186206647963,769.118077445617,586.398711978828,1026.13574821205
"49","Cuba","2008",0.622113281497129,775.080194143014,583.703895890373,1050.67874001037
"49","Cuba","2009",0.639374275247009,760.129887635695,566.19137754587,1043.78392751334
"49","Cuba","2010",0.59154420309496,744.581774532685,557.962882285352,1016.33872536488
"49","Cuba","2011",0.617700926923794,782.809404283552,572.047154841112,1106.86857196897
"49","Cuba","2012",0.611143302609228,719.565649227561,534.325977894175,988.961742235001
"50","Cyprus","2007",0.531988732910291,1751.5846377146,1368.40334311151,2322.26723170431
"50","Cyprus","2008",0.496165239121082,1632.54917777491,1250.69183998131,2142.57235022936
"50","Cyprus","2009",0.691943162623465,2114.53327124046,1712.31060298773,2892.22185759043
"50","Cyprus","2010",0.541724906895345,1678.74037601039,1291.80418769081,2290.71277871745
"50","Cyprus","2011",0.583757768724678,1730.25648362816,1363.09680160038,2430.62295823674
"50","Cyprus","2012",0.562678509884602,1608.60055070126,1258.09996099735,2290.97150822946
"52","Azerbaijan","2007",0.8984079699468,616.680965342688,499.175942640396,753.24669266161
"52","Azerbaijan","2008",0.914975313306333,674.776444590999,548.640010618934,823.476938276964
"52","Azerbaijan","2009",0.931721472153577,729.26094926461,592.988402728533,893.310268423212
"52","Azerbaijan","2010",0.914973263116349,720.902085624659,580.91263035187,893.863365613044
"52","Azerbaijan","2011",0.903353841513786,711.641141714481,575.318020472865,883.266274790809
"52","Azerbaijan","2012",0.927252476526698,761.630417259714,604.857830491801,953.296657279829
"53","Benin","2007",0.788634307256142,236.157909143609,180.850550322778,368.10232844195
"53","Benin","2008",0.837663378342521,252.944833902005,193.53494244543,396.530465221587
"53","Benin","2009",0.845577121489996,258.704819464039,197.76409830326,407.993960719204
"53","Benin","2010",0.820661785914698,250.480621114206,191.114288177844,399.294914008765
"53","Benin","2011",0.744389944126239,228.757747428166,173.839019002069,368.309405804964
"53","Benin","2012",0.803725392318276,248.171500821931,188.330731218741,402.605607669647
"54","Denmark","2007",0.679808350440597,10507.2791625372,8503.90089461283,12572.0328124954
"54","Denmark","2008",0.751963980627644,11060.5138838864,8592.76386576917,13317.486240097
"54","Denmark","2009",0.737916090681794,11075.3886707133,8354.69629476622,13263.4980629463
"54","Denmark","2010",0.678461889071926,10485.4296316423,7941.12110532155,12525.3522549257
"54","Denmark","2011",0.724208732784979,11080.1945121454,8299.89604204051,13236.1381929941
"54","Denmark","2012",0.748998539118115,11286.0569559251,8480.29439215602,13510.9646962407
"55","Dominica","2007",0.347954643204424,490.163628984095,81.59363557552,1131.43973777819
"55","Dominica","2008",0.372389710347855,531.335773310287,82.8336073085729,1229.2625368481
"55","Dominica","2009",0.348004790123846,500.079309398773,77.1110064930885,1159.75394302085
"55","Dominica","2010",0.365522728158408,524.658296037501,84.8654529851083,1219.6802618966
"55","Dominica","2011",0.340042774028042,494.886081829358,76.8773053689805,1149.54203123268
"55","Dominica","2012",0.378197227016873,530.016857789458,87.3529914379633,1190.38515775619
"56","Dominican.Republic","2007",0.908726461081772,3140.40612067084,2254.60692997952,4239.88526879366
"56","Dominican.Republic","2008",0.691059071167509,2167.38353669743,1542.13859914355,2969.22254824317
"56","Dominican.Republic","2009",0.677489203545674,2298.96898314651,1629.14162695179,3140.43041557654
"56","Dominican.Republic","2010",0.828468364603908,2778.43073396537,1949.00300465219,3833.28745911612
"56","Dominican.Republic","2011",0.819743611802533,2641.06213677958,1836.3196822402,3670.85458999777
"56","Dominican.Republic","2012",0.73248666660129,2333.95184433577,1614.01258350502,3254.11006612861
"57","Belarus","2007",0.837523193459041,4774.02760260558,3298.83532591799,6256.36852584754
"57","Belarus","2008",0.827746849614661,4819.78157634295,3328.55210548828,6315.61436843674
"57","Belarus","2009",0.845746609827746,5203.31531010173,3570.41670110995,6826.00100103395
"57","Belarus","2010",0.827870160789414,5233.2134783783,3600.75560100388,6847.77227055594
"57","Belarus","2011",0.822967333478692,5348.11520497974,3706.74390752287,6964.06563075005
"57","Belarus","2012",0.781156304182368,5323.81070332542,3666.08653597815,6933.07236788413
"58","Ecuador","2007",0.668001290545082,1924.55920694013,1511.14960631746,2383.59616944858
"58","Ecuador","2008",0.730951786812488,2621.55258813643,2068.91613081953,3221.86513818886
"58","Ecuador","2009",0.711600154204973,2073.41097135291,1611.21031008604,2606.23741849412
"58","Ecuador","2010",0.7053482280342,2722.34677199746,2147.88684057254,3354.49062180776
"58","Ecuador","2011",0.700912652334616,2624.22971083008,2059.08335001565,3258.27504310251
"58","Ecuador","2012",0.711463193974928,2516.51390783293,1988.83861387549,3097.8842617679
"59","Egypt","2007",0.821587884561513,560.328201923957,516.78678009417,597.64383533992
"59","Egypt","2008",0.873406942761085,583.483207426649,537.785258298672,624.79373320383
"59","Egypt","2009",0.864730809836575,569.294657958457,523.412050873513,613.449261186927
"59","Egypt","2010",0.848520395932233,610.66299673167,562.836618683295,658.424375063043
"59","Egypt","2011",0.783855034756395,585.553125309393,539.769005328393,632.79583152994
"59","Egypt","2012",0.790941383139162,605.647199432483,557.950812849448,656.928859634507
"60","El.Salvador","2007",0.590198734533294,696.131606725346,549.139293910584,957.22428477738
"60","El.Salvador","2008",0.578203231266647,645.660262386686,501.619779864238,904.603704099808
"60","El.Salvador","2009",0.581911125892079,628.371277951134,494.728140245136,865.364211690261
"60","El.Salvador","2010",0.539132061914764,553.750670904148,445.798103451756,737.211298094723
"60","El.Salvador","2011",0.533029146022471,520.460195629528,435.259794472789,650.547742231835
"60","El.Salvador","2012",0.568552477584744,569.489816509942,469.253487095052,730.283969454794
"61","Equatorial.Guinea","2007",0.991546219079564,87.0501078694025,82.324930771956,96.7141506857425
"61","Equatorial.Guinea","2008",0.969610976412566,84.6946517053258,79.3730718667252,94.5732938288202
"61","Equatorial.Guinea","2009",0.946002919057808,80.1695160136926,74.5250536848948,90.100867101837
"61","Equatorial.Guinea","2010",0.949786591665796,79.0432457277945,72.9512298458775,89.3692989108711
"61","Equatorial.Guinea","2011",0.990056310165414,82.2803482653439,75.4317310128071,93.4437612089919
"61","Equatorial.Guinea","2012",0.859347186285442,71.2830892985094,65.0110234390839,81.0940797347268
"63","Estonia","2007",0.754084192250907,2078.12785084208,1637.60590903901,2637.91845640789
"63","Estonia","2008",0.773700834576654,2205.74267717767,1745.44823543594,2788.00701058244
"63","Estonia","2009",0.77058670168803,2198.09447089679,1778.90299332202,2724.61371584647
"63","Estonia","2010",0.780727947731832,2285.89592753971,1817.03745728765,2880.86706409616
"63","Estonia","2011",0.624489477905933,1882.58970205251,1509.87565070085,2353.76949984964
"63","Estonia","2012",0.705261152696819,2200.51368672239,1778.84137165234,2730.44502534836
"66","Fiji","2007",0.353670117150319,672.925415361743,194.384397799283,2090.26280737588
"66","Fiji","2008",0.347802250108157,664.526734150772,188.41755433528,2040.7925183784
"66","Fiji","2009",0.326610759296514,615.572313156317,186.813424894253,1891.68054484833
"66","Fiji","2010",0.309705480198047,611.097513892343,188.142996721669,1816.28797646347
"66","Fiji","2011",0.303039768484421,603.698028036901,177.192240330963,1779.01276720155
"66","Fiji","2012",0.334004670681157,700.734886528402,204.115558314226,1993.52740689157
"67","Finland","2007",0.855622123747127,3113.40738962634,1628.77653541897,5409.87457021648
"67","Finland","2008",0.870074012768578,3217.33597576887,1719.09311755328,5509.86544314429
"67","Finland","2009",0.856308662489544,3007.45432004726,1541.82566654669,5287.50805341298
"67","Finland","2010",0.777176229283241,2739.16046535096,1387.41621691136,4797.33755196358
"67","Finland","2011",0.823864492368011,2913.8646419696,1482.88490601801,5070.43909795855
"67","Finland","2012",0.862825403402355,3027.92246525862,1552.74231212261,5253.18396975356
"68","France","2007",0.805741103955277,4564.62646459572,3209.94439617209,6222.19037922431
"68","France","2008",0.835918344966528,4567.13549926003,3192.6158831235,6236.67440848725
"68","France","2009",0.869967229195374,4763.05908757758,3357.20273883503,6470.57706283517
"68","France","2010",0.810374642843182,4422.10158051585,3119.3019139859,6005.03935749165
"68","France","2011",0.843193873608849,4670.7255413829,3299.11712999875,6344.04572880793
"68","France","2012",0.867658004872988,4728.41178731898,3344.37601347273,6417.57007359459
"7","Angola","2007",0.945850858861123,288.93017701447,230.581003859365,394.647311098373
"7","Angola","2008",0.943644467683586,314.790555101897,252.538232562159,422.453488275695
"7","Angola","2009",0.952713303681343,354.971364646062,286.936701615884,465.701325427314
"7","Angola","2010",0.95589432354808,392.029818328982,318.374794517742,506.217804452651
"7","Angola","2011",0.944018587974022,421.656234318837,343.669453594635,537.163274452404
"7","Angola","2012",0.962223471420793,467.567899099446,382.473235809345,587.783660400775
"72","Djibouti","2007",0.803919925520672,88.617007366707,0.743459962641918,2650.38288398497
"72","Djibouti","2008",0.711771582522423,78.1534389427837,0.659232164582074,2334.94108685287
"72","Djibouti","2009",0.795414265009285,83.2806596543902,0.691439725480776,2492.04113197046
"72","Djibouti","2010",0.824458467306104,84.710022639455,0.702136878834936,2536.14796876118
"72","Djibouti","2011",0.651299726351215,65.9417283856958,0.539873791719112,1974.87922945441
"72","Djibouti","2012",0.847528128911283,85.3021691826588,0.711174343922213,2538.23713442885
"73","Georgia","2007",0.717547509500439,459.089152978279,397.935486891858,521.628160343959
"73","Georgia","2008",0.721952508110262,416.643999657288,358.232436439699,475.678938543624
"73","Georgia","2009",0.691946700055054,407.123612727481,349.097565284829,464.879200001402
"73","Georgia","2010",0.719058395642103,439.079374154023,378.328891490461,499.268578169936
"73","Georgia","2011",0.727916340400671,436.84580388554,376.534294846518,497.936778553191
"73","Georgia","2012",0.727621050438304,426.618840797551,366.378086422133,488.973842931606
"74","Gabon","2007",0.787866078028683,290.566879025608,205.062422461696,433.438906760503
"74","Gabon","2008",0.819993298460059,295.930583473082,208.441558720576,442.295542545624
"74","Gabon","2009",0.767545008410245,274.618756210856,192.765299141888,410.861147434269
"74","Gabon","2010",0.786719623384471,272.987952177506,192.598023667701,409.986637659262
"74","Gabon","2011",0.778418618377353,265.688010193605,186.712559818225,398.870707916807
"74","Gabon","2012",0.776900266526189,261.951884825572,183.300981552731,393.336169747566
"75","Gambia","2007",0.621335930582089,102.042982646538,61.0928053010213,225.23358577446
"75","Gambia","2008",0.585138883922695,97.7881366702187,58.5418364392962,224.303110438057
"75","Gambia","2009",0.587239565558589,103.148862295958,62.5126400779006,237.967275541145
"75","Gambia","2010",0.591409785623193,104.764758108718,64.4832397537701,240.985936018482
"75","Gambia","2011",0.603320495230015,94.8862084400573,56.1242311937253,213.504173115578
"75","Gambia","2012",0.58021359223892,92.9586261641392,57.7943597884905,191.813143688568
"79","Germany","2007",0.941571180391519,3460.29406431299,2535.43094964584,4777.38259319199
"79","Germany","2008",0.9427303779246,3466.32923986476,2524.99499189423,4798.82061060553
"79","Germany","2009",0.948509362727799,3518.01884749592,2564.28690305707,4865.61802621688
"79","Germany","2010",0.933735009094912,3539.73184351068,2590.01571603027,4880.26512980095
"79","Germany","2011",0.939195886411238,3598.07910102894,2650.43188391373,4937.99175960279
"79","Germany","2012",0.941149914550606,3728.53783056762,2775.18418789397,5075.75538751091
"80","Bosnia.and.Herzegovina","2007",0.767018666297067,2050.05394188234,1728.10046303357,2307.65227658334
"80","Bosnia.and.Herzegovina","2008",0.733482380480782,2042.34838101384,1717.52226365118,2297.45199062759
"80","Bosnia.and.Herzegovina","2009",0.724594241859814,2181.24417609286,1838.32363774307,2443.8210542196
"80","Bosnia.and.Herzegovina","2010",0.714142471227603,2218.76706000936,1876.57676813977,2475.27521590228
"80","Bosnia.and.Herzegovina","2011",0.772453966060483,2326.83891033449,1963.20529508829,2600.00940343721
"80","Bosnia.and.Herzegovina","2012",0.767461465856138,2264.06388540902,1901.28126568631,2535.41370480615
"81","Ghana","2007",0.723799650436776,201.680663363258,189.599983024752,220.155336976348
"81","Ghana","2008",0.734095270183416,213.290764919269,199.102800069535,233.748531541693
"81","Ghana","2009",0.739623057024999,194.00001189968,179.469056177036,214.466870970663
"81","Ghana","2010",0.752930137948246,214.962616693356,198.233363076801,237.468947401849
"81","Ghana","2011",0.750617382867093,237.905535525056,218.766514853777,262.433212191391
"81","Ghana","2012",0.74962373778377,239.186768644989,219.13164078592,264.269062944442
"84","Greece","2007",0.913967714445947,2252.12741321502,1907.48761015003,2483.11920164194
"84","Greece","2008",0.91844583992636,2399.38460321648,2018.63199669181,2651.29813154305
"84","Greece","2009",0.910120595437864,2308.70686255037,2003.46390329279,2513.1760208156
"84","Greece","2010",0.912773976884619,2502.81347034582,2134.96289692517,2742.91576416962
"84","Greece","2011",0.930159667524119,2626.9288756854,2247.37537233445,2875.11024405604
"84","Greece","2012",0.929858047730532,2526.12155483337,2151.19995857067,2770.9822703397
"86","Grenada","2007",0.348464184888032,309.697478145889,120.307838004368,479.857632744395
"86","Grenada","2008",0.340434403692469,285.726749678439,107.800203436037,453.788433121716
"86","Grenada","2009",0.388513330157508,327.45864346844,123.208567491137,506.301291831861
"86","Grenada","2010",0.402340743725082,332.939184261239,125.680146108999,518.078347207589
"86","Grenada","2011",0.429415590303023,356.811403692367,133.531008192413,555.530609930481
"86","Grenada","2012",0.437682745475903,357.287559579572,133.759906656205,549.227561794382
"89","Guatemala","2007",0.772309085617002,1112.36736282711,876.544826291493,1430.84111636466
"89","Guatemala","2008",0.754593813776607,1080.70186305326,839.379646444238,1417.10110954701
"89","Guatemala","2009",0.762234038284469,1110.04269145101,854.5150066065,1474.97245655145
"89","Guatemala","2010",0.749807935230572,1077.64910407383,826.071308968198,1440.51590628258
"89","Guatemala","2011",0.738814386085969,1062.53371196827,815.075203022274,1421.6215667906
"89","Guatemala","2012",0.793257222491214,1120.48587416482,858.632502700097,1501.60494944762
"9","Argentina","2007",0.739171360151391,2382.22740588899,1780.96064747454,3224.06417813971
"9","Argentina","2008",0.723232260401453,2258.64131007931,1697.32950073424,3045.88744222057
"9","Argentina","2009",0.795386014125656,2347.51186410577,1770.83226417809,3164.80470923764
"9","Argentina","2010",0.708640538892229,1969.82259765775,1487.70368121542,2674.97690642892
"9","Argentina","2011",0.730111205961999,2007.59610436348,1500.0857135022,2773.24116342923
"9","Argentina","2012",0.776511897719535,2216.8900147579,1665.64228738172,3035.33637136295
"90","Guinea","2007",0.774421909089185,229.084898296243,171.359587699202,290.231768832758
"90","Guinea","2008",0.767830735854925,225.774394244312,168.860421173158,286.921833942577
"90","Guinea","2009",0.751558643171537,219.456107145418,163.824646091737,280.245919280267
"90","Guinea","2010",0.775178834752146,222.529955701405,165.795226851639,285.532479917108
"90","Guinea","2011",0.777989782230256,214.385026347175,160.650157363105,273.480277917579
"90","Guinea","2012",0.798653640128757,218.887587365226,163.22609813649,281.106137426487
"91","Guyana","2007",0.499516694692272,2073.6107020592,1576.96880336997,2699.69397528296
"91","Guyana","2008",0.451834198987684,1717.41880960198,1302.06974097913,2253.03514977296
"91","Guyana","2009",0.470563636278615,2066.3755337189,1573.01734409899,2681.81176280758
"91","Guyana","2010",0.496225504069323,2008.54734911944,1521.10185368176,2626.40415234133
"91","Guyana","2011",0.433707986549795,1798.80363350734,1362.98893339941,2339.00412684307
"91","Guyana","2012",0.536863572854205,2607.61932130143,1994.32061114728,3305.11480782583
"93","Haiti","2007",0.700187616814281,309.361680323697,230.206417386632,499.98416031711
"93","Haiti","2008",0.762563485740625,336.47865311742,248.767794652903,544.92391233227
"93","Haiti","2009",0.790776796214754,343.581578428189,251.944096046671,558.902607269167
"93","Haiti","2010",0.796408003614285,350.957607330974,256.813685701027,569.577139677283
"93","Haiti","2011",0.760490494600289,333.272321807783,242.410225176346,542.782173364904
"93","Haiti","2012",0.802520641882438,349.845550059944,253.241174238319,571.104477708725
"95","Honduras","2007",0.735141281528048,1428.41977663755,1143.99037063588,1821.21343088156
"95","Honduras","2008",0.679397931637918,1385.0915593751,1110.84457145025,1760.78655829578
"95","Honduras","2009",0.723078842317377,1414.87635246745,1147.67356865673,1768.81567051502
"95","Honduras","2010",0.709113974970244,1351.78069579744,1093.04217114368,1699.34006928413
"95","Honduras","2011",0.708993851967668,1348.88844065783,1092.62283903316,1694.21162641865
"95","Honduras","2012",0.739344212964361,1442.37026412408,1172.44796582407,1805.69564543465
"97","Hungary","2007",0.63220826105548,3171.32278052088,2886.09443641436,3415.34884530906
"97","Hungary","2008",0.812286470201912,4043.28294297253,3672.31355267245,4352.46863028793
"97","Hungary","2009",0.781122630828017,3666.52788448724,3327.84355458866,3953.33568895161
"97","Hungary","2010",0.774421680833025,3552.00761537873,3183.61512965028,3851.857186604
"97","Hungary","2011",0.778459748511844,3697.81654527374,3324.49430214218,4003.09674418993
"97","Hungary","2012",0.703891202551652,3287.34397508177,2931.56896070992,3578.26849836426
"98","Croatia","2007",0.848753988823847,2568.74021433583,1999.49452380189,3023.74875633074
"98","Croatia","2008",0.833675285945229,2217.83820389018,1757.04915232304,2618.14764741153
"98","Croatia","2009",0.864217301267373,2367.41903505409,1910.14662184405,2761.21180532135
"98","Croatia","2010",0.84792051733231,2215.51659124897,1800.5246293335,2572.3170238302
"98","Croatia","2011",0.851621427379385,2173.74781320112,1752.64885601486,2537.84480675248
"98","Croatia","2012",0.844852248380054,2041.39410086585,1641.15754110344,2386.62724862116
"99","Iceland","2007",0.566078374315796,819.756417237602,531.115637925502,3338.91672981871
"99","Iceland","2008",0.521740722427572,791.574906471023,520.131841048811,3120.58809457794
"99","Iceland","2009",0.549964876100446,839.15845219619,549.772676630403,3310.39333011595
"99","Iceland","2010",0.516156156701736,736.637772100793,471.777002965386,2980.91718082208
"99","Iceland","2011",0.592490546889119,886.005053325217,587.491813992763,3446.78189120086
"99","Iceland","2012",0.462393719639949,700.855520926269,465.498404008863,2720.01944045176
